playlist.id,playlist.name,TOP_1_keyword,TOP_1_keyword_freq,TOP_2_keyword,TOP_2_keyword_freq,TOP_3_keyword,TOP_3_keyword_freq,TOP_4_keyword,TOP_4_keyword_freq,TOP_5_keyword,TOP_5_keyword_freq,TOP_6_keyword,TOP_6_keyword_freq,TOP_7_keyword,TOP_7_keyword_freq,TOP_8_keyword,TOP_8_keyword_freq,TOP_9_keyword,TOP_9_keyword_freq,TOP_10_keyword,TOP_10_keyword_freq
3HjTMn6O6adW8vcSMnqmhw,"""Permanent Wave""",love,67,ca,65,get,57,enough,55.0,oh,46.0,feel,45.0,know,37.0,time,37.0,like,34.0,go,23.0
1kEczIkZH8IgaWT2BiApxZ,10er Playlist,oh,436,like,335,hol,300,work,269.0,na,234.0,yeah,230.0,know,204.0,let,193.0,bitch,193.0,say,163.0
0WicovBbxeB0nvQC6IfuaT,1987-1997 OLD SKOOL JAMZ,baby,302,love,217,na,139,let,136.0,ca,120.0,know,117.0,oh,97.0,right,87.0,gon,87.0,feel,86.0
0EmGNFBBgqLmvdQGPbgiMp,2000's hard rock,like,76,know,73,away,69,na,61.0,feel,54.0,see,53.0,never,52.0,wan,50.0,take,47.0,go,47.0
2DjIfVDXGYDgRxw7IJTKVb,2010 - 2011 - 2012 - 2013 - 2014 - 2015 - 2016 - 2017 - 2018 - 2019 - 2020 TOP HITS,oh,235,like,91,love,77,break,68.0,feels,54.0,yeah,33.0,na,32.0,watch,30.0,tempo,30.0,gon,29.0
53Ga3Xt9fumdJfhNNSBvzU,2011-2014 House,oh,107,na,103,gon,74,like,68.0,burn,67.0,love,66.0,let,54.0,take,53.0,yeah,51.0,got,51.0
6UJw1egIcZVfrBmcKs5uHH,2015 songs,like,214,know,179,oh,174,love,152.0,got,141.0,yeah,118.0,get,96.0,let,91.0,na,87.0,baby,84.0
16RNbqnNCCLlBJti7JU5nc,2019 in Indie Poptimism,like,327,know,283,na,229,love,220.0,got,192.0,oh,179.0,wan,155.0,feel,154.0,yeah,147.0,back,136.0
4JkkvMpVl4lSioqQjeAL0q,2020 Hits & 2019  Hits ‚Äì Top Global Tracks üî•üî•üî•,ooh,328,got,320,da,285,yeah,264.0,oh,251.0,never,233.0,na,205.0,uh,200.0,let,196.0,want,192.0
1QJ66s6YBZgxMUaVUyrhbo,3rd Coast Classics,bout,115,yeah,96,hell,81,get,72.0,know,70.0,got,64.0,body,61.0,like,56.0,rock,55.0,drop,54.0
76lrxCrKrGDkDDf3SVPnl3,70's Classic Rock,la,186,oh,114,love,88,na,79.0,get,78.0,go,75.0,come,73.0,yeah,68.0,like,65.0,know,56.0
6pZlZ20vt3aDjIKw98aBtQ,70s Hard Rock,love,196,na,147,like,119,got,117.0,get,112.0,yeah,104.0,know,98.0,come,96.0,gon,87.0,time,84.0
1uKFRCQYci8kVgMy3xzTVH,70s Pop & Rock Hits and Deep Tracks,la,364,love,236,na,160,know,150.0,one,137.0,oh,128.0,way,124.0,night,112.0,good,110.0,time,106.0
1oReEujyWpQv2OX68BVPPA,80's Freestyle/Disco Dance Party (Set Crossfade to 4-Seconds),love,399,go,201,ca,188,know,157.0,baby,147.0,one,115.0,like,112.0,let,100.0,come,99.0,feel,94.0
65HtIbyFkaQPflCa4oW8KO,80's Songs | Top üíØ 80s Music Hits,na,393,love,231,know,225,take,213.0,oh,209.0,wan,201.0,got,175.0,go,173.0,like,163.0,time,161.0
29dTrOurPDrMcrnio2q6hZ,80s / Classic Rock,got,170,yeah,167,love,141,want,131.0,oh,107.0,like,107.0,na,101.0,one,101.0,take,101.0,get,95.0
0XOIK4m26aeYSD61E5nSVW,80s Pop & Rock Hits and Album Tracks,love,415,na,271,know,256,oh,250.0,baby,153.0,time,141.0,gon,141.0,yeah,140.0,got,130.0,never,130.0
3X4HmijjKdwwLonCrOOEAZ,80s-90s R&B / New Jack Swing / Funk / Dance / Soul,love,329,baby,194,na,172,let,132.0,know,119.0,like,115.0,man,114.0,get,109.0,got,100.0,yeah,100.0
1g3APxk2mLVNU2TuHCPli0,90's Gangster Rap,get,143,ai,136,got,134,like,103.0,niggas,69.0,go,67.0,ya,65.0,nigga,65.0,know,63.0,shit,62.0
4IG024zoaGMurhTFBkMAv9,90's Hip Hop Ultimate Collection,like,572,got,387,get,362,come,227.0,know,202.0,da,201.0,yo,200.0,shit,194.0,man,159.0,ya,148.0
0dmInkymNnOTWvEFamSNzb,90's NEW JACK SWING,baby,424,na,373,love,316,got,261.0,want,252.0,wan,238.0,know,236.0,let,225.0,girl,208.0,get,186.0
2NMW1nwQYSVlXd26uLenX6,90's Southern Hip Hop,got,355,nigga,335,niggas,300,get,279.0,like,226.0,shit,217.0,cause,211.0,ai,207.0,know,182.0,see,135.0
50cXvxgMGrvoUeLhkzCyIO,90s Dance Hits,na,715,oh,274,get,265,come,256.0,baby,254.0,got,228.0,let,209.0,go,195.0,want,193.0,love,186.0
0C2zyPdlkbWHrwVg9gqNdU,90s Gangsta Rap / Top Hip-hop Classics,got,297,get,257,like,246,niggas,213.0,ai,191.0,na,167.0,baby,150.0,know,149.0,nigga,147.0,yeah,145.0
5yGuoOwRQF3o8NVRRlvCj7,90s Hiphop / Gangsta Rap,like,355,got,309,get,235,know,191.0,shit,178.0,niggas,176.0,one,138.0,cause,137.0,na,132.0,back,126.0
7LjRWGUdOmBdPG1W1bga4i,90s R&B - The BET Planet Groove/Midnight Love Mix,baby,529,love,429,yeah,324,know,313.0,oh,241.0,like,222.0,girl,207.0,na,199.0,got,173.0,let,168.0
5wsWBmQgDtKa8CEg7wTEMi,90s-2000s Southern Hip Hop / Crunk,got,508,nigga,446,like,417,get,372.0,know,317.0,niggas,303.0,ai,284.0,na,260.0,yeah,259.0,ya,232.0
0Ar0Ng9DlAWZtSPBvOQgOa,90s/00s Hip Hop & RnB,know,426,na,387,got,327,baby,309.0,girl,282.0,like,269.0,get,266.0,oh,257.0,la,256.0,love,236.0
19WuHd4MxWLzE1fpMmw4S4,< DARK TRAP >,got,177,fuck,170,never,148,like,147.0,know,139.0,na,126.0,bitch,110.0,ayy,110.0,wan,107.0,see,91.0
2fbrY1tuoW8Uji14H7623k,@deniceemoberg EDM - POP REMIXES,got,133,know,88,oh,85,come,82.0,ooh,80.0,na,78.0,like,73.0,la,72.0,hey,67.0,thing,66.0
4ZO0wp9G8FA3X6oYNBzda6,A Loose Definition of Indie Poptimism,like,328,got,299,side,253,oh,243.0,na,213.0,never,194.0,give,192.0,low,191.0,go,189.0,know,181.0
37i9dQZF1DX0sDai2F5jCQ,A1 Hip-Hop,like,306,got,232,yeah,175,get,147.0,ai,133.0,know,132.0,fuck,100.0,nigga,94.0,never,93.0,na,92.0
6pPpLz42hUkr8gbMirkAEl,ALPAS Music Festival,life,8,hooo,8,love,7,summer,6.0,everbody,4.0,dancefloor,4.0,singing,4.0,gives,4.0,beat,4.0,heee,4.0
37i9dQZF1DXd8p9XRfIfUn,Academia Reggaet√≥n,yeah,9,mimosas,9,yo,7,soon,6.0,come,6.0,peligrosa,6.0,quiero,4.0,want,4.0,te,4.0,lay,3.0
37i9dQZF1DWVyizF9BJ61m,Afro Psychedelica,afrobeat,34,blues,34,got,30,easy,18.0,going,17.0,khala,12.0,friend,12.0,na,11.0,day,11.0,back,8.0
7fRlDx99wBg6i45OCvxwKY,Alex Workout,na,37,feel,34,keep,30,yeah,26.0,deep,25.0,low,25.0,pum,24.0,gon,24.0,trouble,24.0,pushing,22.0
37i9dQZF1DWTggY0yqBxES,Alternative Hip Hop,like,245,love,182,got,147,know,146.0,need,128.0,ai,126.0,yeah,116.0,one,91.0,get,89.0,back,88.0
37i9dQZF1DWVFZbCNivv6B,Arena Hip-Hop,el,23,que,20,la,20,oh,18.0,mami,18.0,en,13.0,de,13.0,est√°,12.0,un,10.0,ahora,8.0
1CMvQ4Yr5DlYvYzI0Vc2UE,BALLARE - ÿ±ŸÇÿµ,oh,478,yeah,383,got,345,like,311.0,love,293.0,na,291.0,know,233.0,take,230.0,feel,222.0,get,218.0
4QtO2XySphMOJt7pX0yaVi,BIG-ROOM NEVER DIES !,power,58,hands,50,raise,44,man,33.0,bad,32.0,call,28.0,spaceman,28.0,never,23.0,turn,21.0,like,21.0
3a9y4eeCJRmG9p4YKfqYIx,"Back in the day - R&B, New Jack Swing, Swingbeat, RNB..etc.",baby,387,love,277,know,237,yeah,218.0,girl,198.0,got,193.0,let,170.0,like,155.0,na,149.0,oh,147.0
44bkJI1QGkT2O0GYJSsbkp,Badass Rock,got,205,na,163,love,159,oh,142.0,gon,130.0,know,121.0,like,119.0,time,107.0,yeah,102.0,take,91.0
37i9dQZF1DXdOtZGKonFlM,Best of 2019 Dance Pop: Japan,move,140,make,37,say,36,famous,34.0,come,33.0,breakthrough,29.0,yeah,27.0,pum,24.0,heart,21.0,sing,20.0
63Y9Sk7Twusm6ZNssHxKaa,Best of New Jack Swing,baby,61,love,58,na,43,remember,42.0,time,39.0,right,35.0,gon,33.0,got,27.0,yeah,27.0,girl,24.0
6SrHyxIxWfQx9ISEr6yowk,Big Room 2019,love,97,got,73,mind,57,yeah,56.0,like,48.0,dada,33.0,na,32.0,land,30.0,time,30.0,know,30.0
3PNyCpkY7NAXyhopBpj7vc,Big Room Beast,oh,61,turn,50,put,49,get,40.0,hands,36.0,yeah,35.0,em,20.0,hey,18.0,boss,18.0,like,17.0
3S03NWbWkrR1e7DPH9rf9Z,Big Room EDM,without,109,oh,75,go,41,na,32.0,back,29.0,alone,28.0,city,26.0,strange,24.0,gon,20.0,tear,20.0
7xWdFCrU5Gka6qp1ODrSdK,Big Room EDM - by Spinnin' Records,hands,66,go,33,put,26,away,24.0,complication,20.0,imagination,16.0,let,14.0,lets,14.0,make,13.0,night,11.0
7vJOXFe40axY7qS39vGDyH,Big Room House,like,44,feel,35,make,18,magic,16.0,fireflies,12.0,energy,10.0,everything,9.0,yes,8.0,magical,8.0,club,8.0
2EnVd4ugXUybVQoQrarICY,Big Room House / Bigroom,tell,45,baby,37,yeah,36,got,25.0,love,21.0,know,19.0,go,18.0,ask,13.0,right,12.0,friends,12.0
5Bx5niVgi3qGQQw06C0RKq,Big Room House | Festival Bangers,pecan,109,hey,62,oh,58,bang,54.0,pie,40.0,wo,36.0,like,35.0,feel,34.0,yeah,27.0,fly,26.0
5FhhmunkvwTAsGaiXpRHkJ,Big White Room-Jessie-J,love,48,yeah,46,like,35,laughing,31.0,stand,23.0,last,22.0,feel,20.0,still,19.0,na,19.0,ca,19.0
37i9dQZF1DX56crgoe4TG3,Bluegrass Covers,know,87,love,80,oh,71,like,65.0,get,58.0,baby,50.0,mind,49.0,night,47.0,got,46.0,take,44.0
56dbowk1V5ycS5jW7DSvi5,Blues Rock,got,117,ai,84,get,83,baby,81.0,go,78.0,oh,69.0,na,64.0,love,59.0,know,59.0,way,55.0
08QTrfsYYouffgnPjmllAQ,Bounce United,find,20,monster,20,oh,16,well,16.0,ooh,16.0,way,14.0,tonight,12.0,feel,12.0,know,12.0,pants,10.0
2dNitDEHM9FpUGEHWc7zyW,Brand New EDM,could,36,outside,27,ca,21,ever,13.0,wanted,13.0,said,7.0,cause,7.0,know,7.0,tell,7.0,friends,7.0
0MhTMIo1bgH6zzPh7BdChT,CHRISTIAN ELECTRO / DANCE / EDM,oh,257,love,222,know,172,rip,154.0,yeah,152.0,got,150.0,na,115.0,like,109.0,ah,96.0,time,82.0
4sr2xEhXQR5VuZ0LZX8TQ8,CSR 103:9 (GTA: SA),baby,44,man,42,need,36,afraid,29.0,feel,26.0,poison,25.0,got,21.0,like,20.0,give,20.0,right,19.0
37i9dQZF1DWSJHnPb1f0X3,Cardio,oh,447,love,265,know,250,yeah,201.0,na,193.0,want,168.0,let,146.0,like,142.0,hope,138.0,better,136.0
3xMQTDLOIGvj3lWH5e5x6F,Charts 2020 üî•Top 2020üî•Hits 2020üî•Summer 2020üî•Pop 2020üî•Popular Musicüî•Clean Pop 2020üî•Sing Alongs,love,152,feels,72,know,64,yeah,58.0,ooh,58.0,got,56.0,sugar,54.0,mmm,52.0,oh,52.0,watermelon,50.0
3o3xRXWMtBMezk0E3wmtGI,Chicano Rap,know,121,got,118,get,107,like,105.0,back,86.0,fuck,70.0,time,66.0,let,64.0,shit,63.0,na,62.0
4NlAd9NpIa92IjErMyAriM,Chillout & Remixes üíú,oh,433,love,298,know,170,come,134.0,na,104.0,yeah,103.0,get,103.0,got,101.0,let,96.0,heart,91.0
0UXwwVDipbBQeEX7h4YuKU,Chixtape 5 - Tory Lanez,yeah,495,like,305,got,252,get,182.0,know,179.0,go,167.0,oh,158.0,ai,151.0,nigga,144.0,ooh,129.0
37i9dQZF1DWUUPO0Sbx2CM,Christian Dance Party,love,346,let,149,know,143,like,119.0,oh,114.0,na,114.0,yeah,109.0,go,98.0,life,94.0,never,91.0
6FZYc2BvF7tColxO8PBShV,Christmas Soul,la,270,christmas,254,santa,132,merry,110.0,oh,99.0,love,97.0,baby,94.0,claus,92.0,little,79.0,year,77.0
3j2osvmecEao5nmo9jZ5df,City Pop 1985 „Ç∑„ÉÜ„Ç£„Éº„Éù„ÉÉ„Éó,dance,24,boogie,20,love,16,flying,10.0,goodbye,8.0,last,6.0,good,6.0,odoridase,4.0,hikari,4.0,get,4.0
1gAeQGQ7hr2q7IYmaejDW6,Classic Hard Rock,na,243,oh,176,yeah,133,got,131.0,get,128.0,rock,127.0,love,118.0,know,114.0,take,75.0,go,74.0
5BygwTQ3OrbiwVsQhXFHMz,Classic Rock,yeah,173,na,128,oh,127,come,123.0,love,117.0,got,115.0,ooh,112.0,like,110.0,lo,101.0,way,99.0
3Ho3iO0iJykgEQNbjB2sic,"Classic Rock 70s 80s 90s, Rock Classics - 70s Rock, 80s Rock, 90s Rock Rock  Classicos",got,143,na,131,know,126,yeah,120.0,back,92.0,get,90.0,slow,78.0,love,78.0,world,70.0,like,68.0
37i9dQZF1DXdOEFt9ZX0dh,Classic Rock Drive,got,126,yeah,125,baby,123,love,121.0,na,119.0,somebody,94.0,find,91.0,oh,90.0,know,88.0,gon,77.0
6TeyryiZ2UEf3CbLXyztFA,Classic Rock Greatest Hits,love,232,know,145,yeah,138,like,131.0,ca,127.0,one,126.0,get,119.0,na,114.0,got,95.0,oh,94.0
3NcxM1LJJdua8AcRxtijNY,Classic Rock Legends,baby,87,love,85,na,78,wan,56.0,get,48.0,rock,47.0,oh,47.0,know,46.0,night,46.0,got,45.0
37i9dQZF1DX0fWtUuB7bFE,Classic Rock Now,lonely,64,na,60,light,59,let,49.0,shine,49.0,yeah,46.0,go,45.0,came,45.0,rain,44.0,wan,43.0
7CESj1xKbxdArRzloygvkl,Classic Rock Playlist.,rock,219,na,133,yeah,103,bad,102.0,hey,101.0,love,97.0,got,93.0,get,92.0,baby,80.0,know,77.0
4lIywN6kXl9KPm3OQ8u8G7,Classic Rock Radio,oh,179,yeah,149,love,95,na,77.0,like,71.0,mony,59.0,got,54.0,time,54.0,go,48.0,way,48.0
6gUFdcGzKAHyDXY9TKC6cP,Classic Rock Retrogamer,love,159,oh,120,come,119,got,115.0,na,105.0,like,97.0,know,91.0,yeah,88.0,get,87.0,let,85.0
37i9dQZF1DWYNSm3Z3MxiM,Classic Rock Workout,get,40,band,40,jungle,38,away,36.0,american,36.0,love,35.0,shot,31.0,go,30.0,na,26.0,sweet,26.0
7sq6nuruoMyDhEWkX2oYOg,Club Mix 2020 üçπ,away,112,turn,66,know,62,reality,62.0,without,46.0,go,43.0,work,42.0,way,41.0,come,36.0,back,36.0
6h9DHd1pHHiK84cQqJZyIp,Coldplay ‚Äì Ghost Stories (Deluxe Edition),fly,27,arms,18,love,16,call,16.0,another,16.0,light,14.0,go,13.0,always,11.0,ever,11.0,fire,10.0
68y3WoFJMMKDHUIpqCnoM3,Contemporary Hip Hop,like,493,got,434,nigga,414,niggas,374.0,get,288.0,yeah,274.0,back,234.0,ai,232.0,shit,206.0,na,199.0
6wyJ4bsjZaUKa9f6GeZlAO,Contemporary Urban,yeah,273,like,227,got,172,know,168.0,back,159.0,bricks,142.0,bring,133.0,oh,124.0,get,123.0,want,116.0
5GiPRvTccToqwOzkoAcDrY,Crossfit‚Äè‚Äè‚Äã‚Äã   ‚Äç,oh,188,front,156,let,154,love,116.0,back,110.0,go,100.0,one,97.0,name,82.0,know,78.0,body,78.0
37i9dQZF1DWZQaaqNMbbXa,Dance Pop,oh,1964,know,885,na,738,let,734.0,love,596.0,yeah,563.0,wan,510.0,way,498.0,like,480.0,see,415.0
37i9dQZF1DX6pH08wMhkaI,Dance Pop Hits,know,277,na,255,yeah,239,love,239.0,go,211.0,got,159.0,never,146.0,let,140.0,like,136.0,dance,130.0
4SdfG4cPG3skmTiQLozZGh,Dance Pop Tunes,come,795,know,337,love,274,like,266.0,night,257.0,get,213.0,yeah,206.0,na,205.0,need,200.0,one,174.0
37i9dQZF1DXahYFr91pFvG,Dance Pop: Japan,move,140,make,34,come,33,love,29.0,reason,20.0,heart,17.0,start,17.0,yeah,16.0,na,14.0,night,13.0
37i9dQZF1DX2ENAPP1Tyed,Dance Room,know,182,na,159,love,143,wan,131.0,time,131.0,oh,130.0,think,127.0,like,105.0,dance,98.0,close,96.0
6mMk6QCzEgT3QGaCV1R4S5,Dancefloor Beats,love,114,oh,110,got,108,yeah,85.0,like,79.0,feel,74.0,know,73.0,could,60.0,want,54.0,ride,54.0
5CMvAWTlDPdZnkleiTHyyo,Deep Electronic Music 2020 & Progressive House,need,99,love,99,want,61,know,58.0,go,54.0,let,46.0,like,45.0,come,39.0,blow,37.0,power,36.0
744VClUYfFnZCDPcOUkg5G,Deep-deep Bubble Pop,love,239,oh,220,know,151,na,149.0,like,136.0,get,120.0,let,110.0,hey,104.0,need,91.0,yeah,84.0
0tLHH1C4HkWEUCXXSSjbOe,Dirty South Rap Classics by DJ HOTSAUCE,nigga,447,get,420,like,373,got,334.0,know,326.0,ai,295.0,niggas,226.0,shit,225.0,let,222.0,ass,220.0
6jAPdgY9XmxC9cgkXAVmVv,Dr. Q's Prescription Playlistüíä,yeah,541,like,482,na,454,oh,441.0,thunder,439.0,love,401.0,got,377.0,take,336.0,get,301.0,back,301.0
0cvVad4XizGbOS0vlwZYS5,EDM - pop remixes,oh,358,love,355,like,313,know,265.0,na,256.0,let,215.0,got,144.0,baby,143.0,go,137.0,gon,135.0
1T0ed6Mg0QIruHvcoWWIKy,EDM 2019,lick,111,got,83,hands,66,na,65.0,work,57.0,people,46.0,loving,44.0,give,44.0,vibe,42.0,rhythm,42.0
25ButZrVb1Zj1MJioMs09D,EDM 2020 House & Dance,got,176,da,171,ride,147,oh,137.0,uh,114.0,feel,85.0,na,83.0,wan,76.0,love,72.0,baby,66.0
5CTzufLc0f6MufjKYrIaoO,EDM House & Dance,like,43,love,29,got,26,work,25.0,feel,22.0,kick,21.0,oh,17.0,away,16.0,menage,16.0,trois,16.0
2d3oOPO0csDU40JyiGwFaF,EDM Pop,na,88,jungle,17,king,16,wanted,8.0,mars,8.0,lalalalalala,6.0,love,6.0,got,5.0,say,5.0,another,4.0
3pS63EDS40FVGYL41zAcU4,EDM TROPICAL,oh,425,love,192,na,183,like,178.0,come,158.0,know,143.0,yeah,109.0,wan,105.0,baby,99.0,let,97.0
7CEEEMKV41x0RlFCXWdvKF,EDM Trap,like,169,oh,167,love,161,know,154.0,got,135.0,na,123.0,say,113.0,wan,94.0,name,79.0,let,69.0
6gHk5RFrnALbDNJdaXKivi,EDM/POP,know,187,low,180,love,173,na,123.0,got,104.0,give,100.0,baby,98.0,go,97.0,let,93.0,keep,92.0
1N5dPU0Ca9N9AwBbUeyzX5,ELECTRO HOUSE 2020,pony,90,started,52,ride,51,get,50.0,low,22.0,let,15.0,yo,14.0,move,14.0,selecta,12.0,motherfucking,11.0
2UsEj2GUukV0GLbsE3rldz,ELECTROPOP,like,402,oh,368,got,329,time,272.0,na,262.0,know,254.0,work,202.0,get,201.0,love,196.0,run,188.0
44p8nNLe4fGfUeArS3MaIX,ELECTROPOPüêπ,yeah,198,know,195,oh,190,got,173.0,around,166.0,get,161.0,world,151.0,want,148.0,go,142.0,like,141.0
7316uT3vVzTidCI8cinBUv,ELETRIC POP & DANCE,lonely,23,know,21,let,15,yeah,15.0,na,12.0,sad,12.0,ooh,12.0,gon,9.0,go,8.0,ever,8.0
6k45gxiQhfVqACfIdqONsC,Electro House,black,100,rave,43,know,41,hands,38.0,bring,37.0,everything,35.0,never,35.0,goes,34.0,tired,32.0,tell,30.0
4pVZ70y8vzzkn2GVwQbQw8,Electro House - by Spinnin' Records,work,44,drums,42,body,36,let,33.0,see,33.0,big,33.0,beat,33.0,jump,28.0,everybody,20.0,give,18.0
317O0e8iWJLClLGDKtieRe,Electro House 2020,oh,100,love,82,waiting,53,got,45.0,tell,28.0,follow,26.0,make,24.0,summertime,24.0,everything,22.0,know,22.0
1G0q0NK7g3C0XerNqq7GbL,Electro House Top Tracks,never,127,na,87,wan,75,yeah,71.0,make,67.0,pull,64.0,lambo,64.0,need,62.0,love,58.0,ca,57.0
2a5i2ZtEXGKwVGL16J8N0p,Electro Pop | Electropop,feel,50,electric,39,na,33,long,29.0,like,28.0,girl,27.0,wan,26.0,shot,26.0,oh,25.0,got,25.0
6nZaTh6K1SwhdELFTmA99C,Electro Pos√© - Discoveries,know,41,keep,30,go,29,every,29.0,never,27.0,feel,25.0,step,24.0,oh,24.0,back,23.0,think,23.0
3Dr4NKbsFQ2m7tmPxGRroO,Electro Swing,got,124,let,91,go,84,time,70.0,love,65.0,ai,64.0,way,58.0,get,56.0,perfect,53.0,man,51.0
5M7xLCQTYJL0lbKIrUn3a4,Electro Swing Top 100,got,95,like,80,get,70,let,65.0,na,63.0,oh,59.0,night,57.0,go,53.0,see,50.0,gon,49.0
1HtnPDj2V126xB9tJP786P,Electro/Progressive/Club House,yeah,113,got,97,na,83,love,79.0,know,72.0,ta,68.0,like,61.0,time,56.0,night,53.0,feel,50.0
0cuHKz65ZPqBX1brG8djlg,ElectroPop,na,157,let,151,love,135,like,120.0,know,112.0,wan,104.0,feel,103.0,coming,97.0,go,93.0,got,80.0
4frhr6RQM2fMOm2mpvOVo6,ElectroPop 2020,oh,172,one,160,know,155,na,143.0,go,123.0,let,107.0,yeah,103.0,got,98.0,get,96.0,love,76.0
2Z5cPJ6Z4EVZAfF08amjvL,Electropop,go,393,like,332,yeah,308,oh,236.0,got,232.0,na,223.0,know,217.0,get,187.0,never,173.0,time,168.0
5TiiHps0hNCyQ6ijVkNZQs,Electropop - Pop,love,262,got,260,like,214,oh,207.0,know,199.0,na,181.0,side,178.0,let,164.0,go,143.0,baby,137.0
4Bi8VLtaSu0JILliif8lH6,Electropop 2019,love,482,like,393,na,332,yeah,325.0,know,291.0,wan,255.0,oh,223.0,got,212.0,say,191.0,baby,171.0
3FBD3d5zl74LaoBMVC4IXq,Electropop 80/90s,na,151,enough,108,like,107,get,107.0,ca,105.0,love,57.0,want,46.0,hungry,36.0,wolf,36.0,dodo,32.0
7p30DzTAgW6OhspSXHTI88,Electropop And Play,get,75,end,56,right,54,never,53.0,let,50.0,got,48.0,need,46.0,life,44.0,ca,38.0,like,35.0
7kyvBmlc1uSqsTL0EuNLrx,Electropop Hits  2017-2020,oh,485,know,485,yeah,366,na,350.0,love,342.0,like,330.0,baby,286.0,got,269.0,home,220.0,get,178.0
0o5gKmuET7F3lQnpFxvPO8,"Electr√≥nica, Progressive House, Electro House y m√°s üéß",oh,159,na,94,love,93,get,74.0,go,72.0,high,67.0,like,62.0,never,59.0,know,57.0,black,54.0
49EXQVXh5k1t8SOhmUeyU7,Epic Bass Drops,dum,196,work,163,low,122,get,81.0,like,77.0,drop,75.0,bounce,72.0,bitch,70.0,better,64.0,give,63.0
4IS7o1utOzhimFEFnj9gmu,Epic Bass Drops | Best House Mixes,got,141,let,83,like,75,go,75.0,feel,65.0,oh,42.0,love,41.0,hands,41.0,know,39.0,want,39.0
0k2IDDkcVyIpIgE6d1woDM,Exitos 2020 - Latin Billboard,let,20,mistake,17,beautiful,16,oh,15.0,know,13.0,feeling,9.0,one,8.0,go,7.0,right,6.0,song,6.0
3CzQZEf6jmEjDmBIVO9rdR,F**KIN PERFECT,money,26,luna,24,oh,21,got,20.0,back,10.0,pick,8.0,na,7.0,hell,7.0,pay,7.0,feel,6.0
37i9dQZF1DWTDafB3skWPN,Feeling Accomplished,like,190,oh,119,yeah,115,get,105.0,got,95.0,level,91.0,baby,90.0,bitch,85.0,bam,69.0,know,67.0
5QaPRbVgbEcCc9jC1UxgD1,Female Vocal EDM,oh,201,love,168,know,127,like,108.0,feel,72.0,yeah,72.0,na,70.0,ca,69.0,want,65.0,way,62.0
73uj4YmsC7SJ6SbUMTvf07,"Festival Music 2019 - Warm Up Music (EDM, Big Room & Progressive House)",love,56,night,43,na,40,like,40.0,know,39.0,give,39.0,got,35.0,wan,34.0,leave,34.0,go,29.0
2kY6lVc5EcVfI5WNKmPQQG,Fiesta Latina Mix üéàüéâüíÉüèªüï∫üèª‚òÄÔ∏èüèñ,tu,32,oh,18,que,14,heh,14.0,seguimos,12.0,acerc√°ndonos,12.0,t√∫,12.0,records,8.0,yeah,8.0,algo,8.0
6KnQDwp0syvhfHOR4lWP7x,Fitness Workout Electro | House | Dance | Progressive House,oh,168,boom,104,go,96,hey,96.0,let,96.0,know,88.0,come,76.0,collides,70.0,give,68.0,yeah,64.0
37i9dQZF1DX4OjfOteYnH8,Flow Selecto,song,4,released,4,lyrics,2,yet,2.0,please,2.0,check,2.0,back,2.0,,,,,,
0FCHg9zJMNNiOokh3hVcxd,Fresh EDM | Progressive House | Electro House | Trap | Deep House | Electronic | Future House/Bass,know,179,love,144,na,134,night,127.0,like,105.0,get,95.0,baby,77.0,got,76.0,wan,75.0,alright,69.0
4RFszTXlSMZFgpqIJS3754,Fresh Essentials,falling,12,get,7,someone,6,fallin,6.0,never,6.0,found,6.0,back,5.0,wo,5.0,gon,5.0,na,5.0
3DUkl93JjPdOyX83SJr5ms,GANGSTA RAP,yeah,433,nigga,315,like,269,bitch,259.0,got,245.0,shit,153.0,niggas,150.0,ai,138.0,get,137.0,fuck,127.0
5GA8GDo7RQC3JEanT81B3g,GANGSTA Rap,pa,33,gangland,32,nigga,18,babooyaka,12.0,boooyaka,12.0,keep,9.0,und,7.0,gun,6.0,ich,6.0,wir,5.0
6m0BqpJfSP2m5xCOFjDRHw,GTA San Andreas Radio Los Santos,got,221,like,217,yeah,167,bitch,141.0,get,113.0,fuck,106.0,nigga,97.0,go,85.0,ayy,80.0,know,79.0
31R7Gd07KsDafqJEeL4Hqr,GTA V - Radio Mirror Park,oh,72,setup,69,fall,68,never,46.0,time,44.0,go,36.0,love,34.0,come,33.0,hold,33.0,heart,32.0
0BwUQpqHSlC2YfKwOp2dQV,Gangsta Rap üíé Rap Party,like,93,shit,63,bitch,60,ohhhh,52.0,got,51.0,see,48.0,take,45.0,know,43.0,nigga,42.0,ayy,41.0
62spXXfUxBed8nbd5xvH2O,Gangsta Rap/90's Hip-Hop,get,496,like,419,got,369,ai,309.0,shit,265.0,fuck,260.0,yeah,245.0,know,236.0,nigga,234.0,niggas,209.0
5joQabz9ys3XPGbSx5CaKv,Gangster Rap,like,461,got,303,shit,200,niggas,190.0,nigga,185.0,get,181.0,yeah,175.0,know,169.0,ai,165.0,go,162.0
0ZRwrJ2EDGyKR6YgQPWXeO,Gangster Rap Workout,got,360,get,309,like,283,niggas,270.0,nigga,239.0,know,212.0,ai,202.0,go,196.0,shit,182.0,na,165.0
2e0d7otcM1oyecfi3zZPWk,Gangster Rap | 100 % Gangster,nigga,369,like,314,get,268,gon,244.0,got,231.0,niggas,226.0,know,209.0,ai,171.0,go,167.0,na,157.0
37i9dQZF1DX4F2k37fMTyn,Girl On Fire,na,88,yeah,78,oh,60,good,60.0,got,54.0,like,49.0,baby,48.0,bad,45.0,better,44.0,know,40.0
1KNl4AYfgZtOVm9KHkhPTF,Global Top 50 | 2020 Hits,yeah,144,night,122,love,105,roxanne,100.0,know,94.0,got,78.0,na,74.0,give,70.0,killing,66.0,mad,60.0
37i9dQZF1DWUxHPh2rEiHr,Global X,na,172,yeah,148,go,141,make,114.0,trika,83.0,hot,77.0,choosy,71.0,dey,70.0,like,69.0,oh,67.0
0pItJZBDZFvgAOdFnSITnJ,Gospel,god,253,oh,182,lord,131,name,126.0,know,124.0,love,121.0,na,120.0,got,99.0,go,92.0,get,91.0
2wP2UAYC4Nqb6oUXkMJlAz,Gospel Neo Soul,one,73,love,62,oh,43,na,41.0,back,35.0,know,33.0,god,32.0,yeah,31.0,need,31.0,gon,30.0
53CmFroG6MWR5reOOXJX6B,Gothic / Industrial / Mittelalter / EBM / Futurepop / Gothik / Electropop,love,106,done,102,want,48,time,48.0,let,48.0,go,44.0,us,44.0,god,42.0,never,42.0,one,41.0
5SO7xYih5w8X5FEpKvU7Rt,Great Pops,taste,233,like,187,get,103,got,100.0,yeah,95.0,love,83.0,know,65.0,na,65.0,wan,64.0,money,62.0
0JmBB9HfrzDiZoPVRdv8ns,Groovy // Funky // Neo-Soul,know,223,yeah,221,got,214,love,208.0,na,187.0,like,182.0,baby,138.0,get,125.0,ca,124.0,oh,123.0
5BqOZpVEqRDfZScvW1QUyA,Gym (Melbourne Bounce/Progressive House),hands,90,clap,74,da,59,rage,38.0,born,37.0,come,34.0,night,30.0,pray,26.0,na,21.0,want,21.0
55ybnG2z8rpTIerRfnCsw6,HARD ROCK CAFE,oh,139,na,127,yeah,126,check,112.0,love,107.0,get,104.0,take,78.0,gon,78.0,away,76.0,ya,69.0
28817h8FTrRI4V40DqHVaB,HARD ROCK Vibes,gave,9,every,6,step,6,way,6.0,took,6.0,breath,6.0,life,6.0,see,4.0,gone,4.0,find,3.0
5DyJsJZOpMJh34WvUrQzMV,HIP&HOP,yeah,418,got,402,like,399,work,356.0,know,314.0,get,306.0,go,275.0,ai,236.0,bitch,223.0,nigga,181.0
5fWgI0IJ1el5NB1sZ0Egsx,HIP-HOP: Latin Rap ['89-present],funky,52,la,50,bilingual,42,got,41.0,like,36.0,es,34.0,ya,34.0,get,32.0,cause,32.0,te,28.0
1lSdljPk8zcAdXVMUduDia,Hands Up‚Äè‚Äè‚Äã‚Äã   ‚Äç,love,116,oh,87,let,76,deep,55.0,like,47.0,want,44.0,sound,37.0,alarm,34.0,ooh,34.0,pumpin,32.0
3d2JFEbvcx7p2CHkBaQeMZ,Happy EDM,love,159,could,96,na,88,like,87.0,oh,74.0,feel,71.0,baby,71.0,hard,61.0,let,59.0,need,59.0
37i9dQZF1DX1X7WV84927n,Hard Rock,na,91,life,72,got,53,gon,52.0,one,52.0,low,44.0,ai,43.0,never,39.0,yeah,36.0,feel,36.0
3sv5ViKoPDNnZRsklzEGMN,Hard Rock Cafe Classics,got,87,na,77,yeah,73,want,66.0,get,57.0,like,54.0,love,52.0,know,51.0,one,50.0,ca,44.0
1NIX36ZFWEtgXSbSNghoue,Hard Rock Classics 1967-1991 (Party Edition),na,120,rock,113,oh,100,got,99.0,yeah,92.0,love,86.0,away,65.0,one,62.0,take,61.0,know,61.0
3YouF0u7waJnolytf9JCXf,Hard Rock Workout,know,256,like,242,never,227,ca,207.0,get,195.0,feel,179.0,take,174.0,na,169.0,yeah,162.0,go,156.0
5nQrMpkyWmxPX0gk74htMk,Hard Rock Workout!,get,165,na,156,let,153,give,141.0,like,131.0,feel,126.0,ca,117.0,come,109.0,one,101.0,take,93.0
37i9dQZF1DWT5MrZnPU1zD,Hip Hop Controller,yeah,965,got,842,like,762,know,617.0,ayy,422.0,nigga,391.0,get,362.0,ai,361.0,fuck,344.0,bitch,340.0
3tmx4p5RGlOV1AapXOt1Ze,Hip Pop 2019,know,131,oh,78,yeah,69,love,67.0,like,54.0,got,50.0,ai,49.0,low,44.0,mind,41.0,want,36.0
37i9dQZF1DWTqYqGLu7kTX,Hip Te Hop,ae,44,think,27,na,11,te,10.0,kade,9.0,aa,8.0,de,8.0,di,6.0,kita,6.0,ne,5.0
1Sc7bobknESH7SXQcnmoX5,Hip pop,like,192,yeah,188,got,144,know,142.0,get,117.0,bitch,116.0,nigga,115.0,ayy,107.0,want,100.0,fuck,90.0
0275i1VNfBnsNbPl0QIBpG,Hip-Hop 'n RnB,like,524,got,404,yeah,335,know,311.0,nigga,299.0,get,296.0,bitch,280.0,ai,270.0,shit,209.0,na,208.0
37i9dQZF1DWY6tYEFs22tT,Hip-Hop Central,yeah,457,got,362,like,339,time,264.0,bitch,250.0,mind,233.0,get,185.0,nigga,181.0,know,180.0,shit,177.0
37i9dQZF1DWUFmyho2wkQU,Hip-Hop Drive,got,980,like,889,get,619,na,563.0,ai,510.0,know,483.0,yeah,442.0,nigga,434.0,wan,429.0,let,407.0
37i9dQZF1DX48TTZL62Yht,Hip-Hop Favourites,yeah,473,got,417,like,282,ayy,219.0,bitch,188.0,ai,183.0,get,163.0,love,161.0,shit,160.0,bad,155.0
37i9dQZF1DWVdgXTbYm2r0,Hip-Hop Mixtape,yeah,245,like,177,got,175,ayy,165.0,best,161.0,know,136.0,make,134.0,girl,125.0,friend,110.0,take,103.0
3hR2R6szlkwZeGyclTgHcF,"Hot Latino Mix (Latin, Hip Hop, Rap, RnB, Dancehall, Reggeaton, Afro)",like,180,get,164,girl,155,let,130.0,got,128.0,yeah,128.0,bubble,125.0,one,110.0,know,107.0,love,107.0
1bMYfBHYBCRHY5LGkjlpSy,House Of The Rising Sun,oh,395,na,327,got,306,love,296.0,know,292.0,like,266.0,come,255.0,baby,239.0,yeah,226.0,get,219.0
42jbIN5Zj0UUPdtmqxQRKF,House/Electro/Progressive/Disco/Lofi/Synthwave,get,122,ooh,102,love,73,want,54.0,got,51.0,feel,42.0,need,42.0,right,41.0,time,40.0,yeah,40.0
37i9dQZF1DX44dZ4p5QLf4,I Love My Neo-Soul,get,84,know,76,yeah,71,got,62.0,love,61.0,baby,60.0,life,60.0,way,57.0,soul,56.0,na,55.0
3e6gYPyrTbaB8BWgSHCt5j,I didn‚Äôt know perm stood for permanent (wave),la,218,oh,147,love,140,got,102.0,lo,101.0,get,79.0,na,78.0,know,71.0,ca,69.0,back,68.0
0HD4Pc1PK8fsyKQq9e2U2v,INDIE POP! TUNES,say,56,oh,12,look,8,away,8.0,stay,8.0,madness,7.0,people,6.0,make,6.0,long,6.0,take,6.0
21nxmipQe5xtXoHHPaYfnY,Indie Poptimism,know,708,like,615,love,548,oh,537.0,na,536.0,got,522.0,go,435.0,get,383.0,take,374.0,ca,360.0
69yb02k0ZOmukYaxJXwp76,"Indie Poptimism (PUBLIC, The Band CAMINO, lovelytheband)",love,129,know,127,get,114,time,96.0,one,92.0,better,82.0,want,78.0,oh,77.0,na,77.0,like,77.0
4hKPJNFIhdAg4pAksn78FJ,Indie Poptimism!,love,199,know,198,like,192,oh,183.0,na,158.0,feel,130.0,never,125.0,time,125.0,baby,112.0,away,110.0
6OaTudLqBEuTyUMPxRNpZc,Indie/Jazz Poptimism,love,185,time,167,know,163,oh,128.0,feel,116.0,like,94.0,got,94.0,need,94.0,way,93.0,na,90.0
6Ylmweq4pT7j3ScIv5uq1c,Intro to Indie Poptimism,like,49,time,35,know,31,somebody,31.0,love,29.0,never,29.0,yeah,28.0,see,26.0,got,26.0,welcome,26.0
3QGjcvI9hCZw81NqKq3ZGv,Intro to Permanent Wave,la,104,call,72,na,28,gon,24.0,make,16.0,believe,15.0,ca,13.0,use,13.0,see,12.0,girl,12.0
6o6MNYZqHSkMAKcCHPNu7K,Intro to Post-Teen Pop,love,232,yeah,213,like,163,know,142.0,thing,138.0,ever,137.0,ooh,111.0,let,109.0,oh,96.0,baby,90.0
4zNayWuATXCAA9gaXvnFnq,Japanese Funk/Soul/NEO/Jazz/Acid,love,28,na,16,wan,10,every,8.0,time,8.0,wish,8.0,running,7.0,wo,6.0,ni,6.0,wa,5.0
2Tisn6NZbeofpc57Oc6MGo,Jeff Seid Electro House,oh,105,together,92,turn,79,need,49.0,love,43.0,got,37.0,money,36.0,scared,36.0,lonely,36.0,feel,34.0
37i9dQZF1DWUXxc8Mc6MmJ,K-Crazy Michioso Tunes,know,79,push,69,pull,69,go,64.0,ÏúÑ,62.0,wi,62.0,let,53.0,yeah,46.0,get,45.0,really,42.0
37i9dQZF1DX4RDXswvP6Mj,K-Party Dance Mix,oh,274,love,119,round,116,go,86.0,yeah,85.0,ÎÇ¥,75.0,baby,61.0,ÎÇú,53.0,na,53.0,dumb,51.0
7bdhfXlbfml9CuNn5c7372,Kenny B's Ultimate New Jack Swing Mix,baby,177,na,134,yeah,130,know,121.0,like,113.0,love,98.0,got,94.0,wan,78.0,helluva,74.0,want,70.0
0jilq2XZP9F2fwzp2k6iXK,L' ALBUM ROCK,oh,172,know,157,na,143,love,127.0,like,125.0,never,112.0,feel,110.0,go,104.0,get,98.0,ca,97.0
396llvvFOIB9jgPg0kqNDb,LATIN FLOW MIX - M√∫sica Cristianaüéµ,selena,11,woulda,11,loved,11,hit,5.0,ooh,4.0,cumbia,4.0,mi,3.0,aye,3.0,ones,3.0,though,3.0
2kKzN3kRYDzBctlaWs7CP2,LATIN POP 2020 üî• Pop latino actual,de,12,get,11,est√°s,10,pretend,10.0,vez,8.0,si,7.0,love,6.0,ca,6.0,otra,6.0,que,6.0
7FqZlaYKkQmVnguJbHuj2a,"Latest Hits 2020 - Pop, Hip Hop & RnB",na,80,wan,65,make,42,got,34.0,like,27.0,oh,23.0,yeah,21.0,put,21.0,dab,21.0,said,19.0
51LvliKED7oZNJR8XCiPip,Latest Latin American Hits 2020,boom,106,oh,77,el,29,eh,29.0,que,11.0,yeah,10.0,toda,9.0,mi,9.0,gente,9.0,go,8.0
2MYEUjX0YAI9dxrBDzoCK7,Latin Hip Hop/Freestyle,love,118,ca,44,time,43,come,43.0,want,38.0,stay,36.0,back,34.0,go,32.0,need,32.0,see,30.0
5wONX0lVyQE5XTxqjTUiUd,Latin Pop 2019,free,37,gon,13,feeling,12,tonight,12.0,party,10.0,time,10.0,keep,8.0,good,6.0,fine,6.0,mine,6.0
37i9dQZF1DX8womvTyUjrN,Latin Pop Rising,ai,19,wave,18,adios,17,baby,16.0,got,12.0,hit,10.0,cuz,9.0,like,9.0,girls,8.0,top,8.0
5uOMV7g6vp8WxoqXfkzKaw,Latin Pop Songs,got,13,nothing,9,que,8,ai,7.0,lo,6.0,like,4.0,boy,4.0,never,4.0,took,4.0,one,4.0
37i9dQZF1DX1QnNyJOBQBv,Latin Pop VIP,la,53,even,14,papi,12,na,11.0,gon,10.0,call,10.0,want,6.0,kiss,6.0,touch,6.0,let,6.0
4BmnnqWEQAamNoVjtjrQJP,Latin Pop antiguo,fuck,43,baby,14,go,13,think,10.0,wan,10.0,na,10.0,yeah,10.0,say,8.0,marry,8.0,look,7.0
3JcJCsvBnRsA6oc7eUYDSB,Latin Village 2019,like,34,yuh,30,mi,20,boasty,20.0,love,14.0,get,13.0,money,13.0,visualize,12.0,give,12.0,something,12.0
2rg9LCyvaMQvnCE2hVndpR,Latin/Hip Hop/Dancehall/Soca,na,183,love,181,got,179,know,138.0,like,129.0,baby,106.0,oh,103.0,wine,103.0,need,92.0,girl,89.0
37i9dQZF1DWWQRwui0ExPn,Lo-Fi Beats,song,2,released,2,lyrics,1,yet,1.0,please,1.0,check,1.0,back,1.0,one,1.0,two,1.0,three,1.0
37i9dQZF1DX8SaiEt4OVJw,Locker Room,still,33,fuckin,21,dogg,19,yeah,18.0,wit,17.0,cha,17.0,got,16.0,stand,14.0,alone,14.0,never,12.0
37i9dQZF1DX36Xw4IJIVKA,Lofi Hip-Hop,yeah,18,na,14,hard,11,never,8.0,would,7.0,know,7.0,time,7.0,times,6.0,feel,6.0,losing,6.0
2hTs6GuPwhmg4ApNqxWXLE,Los Cangri,yeah,7,back,6,hey,6,nigga,5.0,know,4.0,blaze,4.0,get,4.0,snoop,3.0,motherfucker,3.0,shit,3.0
6IS6XTdbS9qJZgfjNKgpB8,MIX LATIN POP¬∞,come,48,fire,40,feel,28,fuego,26.0,heart,24.0,que,22.0,let,20.0,el,14.0,turn,14.0,wan,12.0
2nRWtTI9a2LWjJ9Wy3JZs5,"Maxi Pop  GOLD (New Wave, Electropop, Synth Pop...)",love,170,ca,113,away,109,oh,101.0,know,97.0,want,97.0,get,96.0,never,96.0,say,88.0,time,86.0
6LJtRKgDpzM8ZbbwC0jLhe,Mega Rock Ballads: The Best Slow Rock Compilation Ever !,love,135,life,48,like,47,know,38.0,eighteen,36.0,every,36.0,time,31.0,go,29.0,yeah,24.0,come,24.0
28Ke4pXWqF2A5b2GfQ1pQt,Mexican Gangsta Rap,get,95,like,55,funky,40,got,39.0,shit,31.0,insane,27.0,ya,21.0,one,21.0,na,19.0,know,19.0
22XKr7O6bzSA5bHiwRCPNK,Michael Learns To Rock album,love,95,na,53,know,50,wan,33.0,without,32.0,heart,26.0,late,25.0,life,24.0,right,24.0,say,23.0
0VVH2Nzj6kBVGK3WIUQMAw,Minitruckin Playlist,get,387,got,368,like,331,ya,304.0,know,216.0,nigga,196.0,make,191.0,jump,185.0,na,183.0,let,171.0
23swqzpOZwW1NhPiZ7iyFI,Mix ElectroPop//ElectroHouse// DeepHouse 2020,yeah,142,got,100,na,99,get,92.0,give,89.0,love,87.0,maybe,78.0,come,73.0,know,71.0,let,70.0
1VnvyBDqoV5TCZAnXYferL,Modern Indie Rock // Alternative Rock / Garage Rock / Pop Punk / Grunge / Britpop / Pop Rock,mind,71,know,68,like,67,oh,66.0,na,65.0,never,62.0,let,61.0,go,58.0,got,58.0,want,52.0
37i9dQZF1DX36edUJpD76c,Modus Mio,ja,31,stay,30,high,24,big,12.0,meine,12.0,sie,12.0,drip,8.0,die,8.0,nein,8.0,every,7.0
1fqkbjEACMlekdddm5aobE,Most Popular 2020 TOP 50,back,80,never,79,rushing,64,away,59.0,feelin,58.0,rain,57.0,ooh,56.0,know,48.0,got,43.0,run,43.0
0dAbaJtkS9st5o0cBe1Zcu,"Muse Radio - (Uprising, Starlight, Supermassive Black Hole, Madness)",na,72,could,60,gon,54,know,51.0,one,46.0,feel,37.0,take,34.0,fight,34.0,like,32.0,wrong,32.0
5jROYSZSL7cO0jGAqkPx7C,Music&Other Drugs,na,178,love,131,know,129,want,119.0,get,104.0,got,102.0,slip,97.0,like,94.0,gon,90.0,ca,86.0
6kVFIQBhLT4003iw2WWEv1,Musica Italiana 2020 - Playlist Pop & Hip-Hop (Canzoni Italiane 2020),yeah,19,freedom,18,party,9,talking,9.0,walking,9.0,love,7.0,che,6.0,un,6.0,return,6.0,shukar,6.0
2WbTrS5D0V2TW6DiDkJBru,NEO FUNK AND SOUL,love,187,ca,106,oh,106,know,101.0,like,99.0,ooh,93.0,na,86.0,got,83.0,go,83.0,never,78.0
0r5ojPhjqGVq21oQR13UJy,NEO SOUL GUITAR,tadow,38,lost,35,like,34,go,31.0,know,28.0,blues,28.0,yeah,27.0,ai,26.0,got,24.0,paris,22.0
3q3M4VCymcMoxJ3Tl7mRqN,NEO-soul,know,237,girl,159,got,154,na,141.0,love,129.0,go,128.0,wan,124.0,want,122.0,get,116.0,like,114.0
37i9dQZF1DX2VvACCrgjrt,Nasty Bits,go,143,run,81,dare,61,need,56.0,wida,52.0,got,50.0,play,49.0,love,49.0,get,46.0,know,46.0
2YPP7fiYu5pIcp2yyHvw4A,Neo Soul,love,336,baby,217,know,201,oh,200.0,got,167.0,go,164.0,na,157.0,like,146.0,let,136.0,ca,134.0
07SNJ4MwYba9wwmzrbjmYi,Neo Soul / Modern Jazz / Smooth Hiphop,love,200,know,114,let,84,go,77.0,got,72.0,yeah,70.0,like,70.0,want,67.0,time,66.0,see,60.0
44d7ppo4cggZJmzH2WOhAc,Neo Soul 2019,yeah,201,oh,112,know,96,na,86.0,love,72.0,baby,69.0,gon,56.0,time,52.0,ooh,48.0,ca,48.0
78RRvktrPMSqAoCI21mNOe,Neo Soul Music,love,310,baby,257,yeah,205,know,187.0,got,185.0,like,179.0,ooh,175.0,ca,169.0,girl,156.0,na,147.0
48AzM7l4M02DBYd2N3IFLP,Neo-Jazz Soul RnB & Afro,know,229,love,173,baby,125,na,100.0,like,99.0,hope,97.0,oh,96.0,take,89.0,ca,86.0,see,79.0
1eqVgsNjaX6mxDPoefhocT,Neo-Soul,yeah,349,got,286,know,272,love,256.0,oh,174.0,baby,174.0,like,173.0,na,155.0,ai,131.0,want,129.0
4F3xAxHxeBwXhK6k6GPnrW,Neo-Soul / Soulful R&B,love,299,know,197,baby,172,oh,123.0,want,122.0,go,113.0,tonight,103.0,na,101.0,yeah,97.0,tell,95.0
0DIwi1dMI59NItQtiNcevy,Neo-Soul Essentials,love,227,oh,130,na,128,ca,111.0,know,106.0,want,103.0,like,96.0,la,96.0,yeah,91.0,got,89.0
0aS9YCNTNrDiMNa9tT49RG,Neo-Soul Guitar,na,42,come,39,good,31,like,30.0,wan,28.0,oh,28.0,back,27.0,love,27.0,still,27.0,ai,27.0
64BvJcehegyvhqQtV82Ddz,New Hard Rock,let,151,oh,143,like,138,na,122.0,never,121.0,time,119.0,way,113.0,know,113.0,one,108.0,ca,104.0
5WNUX6jisX0NRlVDTm6RDd,New Hip Hop‚Äè‚Äè‚Äã‚Äã   ‚Äç,yeah,276,like,268,got,160,ai,142.0,know,134.0,fuck,122.0,get,116.0,bitch,114.0,wan,113.0,na,109.0
54XvQQsViMBwjO1ws2o2wx,New House   ‚Äç,got,178,oh,160,like,136,go,133.0,love,133.0,believe,101.0,let,99.0,know,96.0,back,92.0,one,85.0
6RLvj5OnEuPzI1P02KwnzK,New Jack City,baby,181,get,175,got,161,like,139.0,way,126.0,know,121.0,love,114.0,na,113.0,girl,113.0,oh,103.0
3ykXidKLz1eYPvuGoFlD1e,New Jack Swing,love,750,baby,616,na,437,know,359.0,like,344.0,girl,310.0,oh,287.0,got,275.0,want,250.0,wan,242.0
79xd4wnVuKZK4rJMsL2wPa,New Jack Swing - 90s R&B fused w Hip Hop,love,220,na,157,want,132,know,129.0,baby,128.0,let,127.0,way,117.0,got,105.0,girl,103.0,wan,103.0
30z5uGyqurJn0NtkZ9e8BT,New Jack Swing -late 80's & early 90's Hip Hop and R&B,baby,96,love,81,let,63,know,60.0,got,48.0,one,46.0,little,43.0,oh,42.0,feenin,38.0,touch,36.0
3m4z6komWDtKly3Q1FvFmN,New Jack Swing | The Best üëå,love,147,know,119,baby,113,girl,107.0,oh,102.0,na,97.0,kiss,84.0,got,73.0,back,71.0,ooh,68.0
4sji14lrB5bgcr51lPALYH,New Jack Swing/ R&B Hits: 1987 - 2002,baby,670,love,564,na,300,know,271.0,oh,269.0,girl,258.0,want,239.0,wan,209.0,like,208.0,let,197.0
4I6rTSxqKl1LRvES2O9owQ,New R&B‚Äè‚Äè‚Äã‚Äã   ‚Äç,yeah,379,know,255,like,204,love,184.0,oh,173.0,baby,155.0,got,154.0,ca,144.0,let,139.0,get,115.0
5d1arTPDEr76KMg9geDinZ,Nikki Sixx's Top Pixx,na,61,whop,51,got,48,get,48.0,yeah,39.0,mind,31.0,love,31.0,call,31.0,make,29.0,tell,28.0
2gt9IfM8ASNiDzqg5jKyR5,ONE OK ROCK with Orchestra Japan Tour 2018 Setlist,go,37,never,35,say,35,know,30.0,na,30.0,stand,30.0,yeah,29.0,one,27.0,ca,26.0,fight,24.0
0t9TeyXE2mWe70JT3YwSoH,Oldschool Gangsta Rap üëë,got,238,like,233,get,186,know,186.0,ai,180.0,nigga,156.0,niggas,152.0,see,148.0,shit,108.0,give,107.0
6vbHQdtfmexb0ptmBSpemm,PAROOKAVILLE - Big Room,turn,66,lights,62,ooh,46,talk,42.0,know,41.0,close,33.0,one,26.0,got,23.0,na,22.0,say,22.0
6lWMi4lPiiPwDqn8ZpeyAY,POPTIMISM,love,130,let,104,know,68,yeah,63.0,stay,62.0,time,56.0,together,56.0,tell,54.0,younger,52.0,like,51.0
6HaCi9bqaiuSZEDfCEmwyo,PROJECT: Contemporary,yeah,321,like,297,know,283,love,283.0,got,213.0,oh,175.0,na,141.0,need,139.0,ai,129.0,one,124.0
2v41efarffe6iY8qpMK5Gj,Para√≠so Tropical,king,28,bongo,27,plus,13,bong,12.0,happy,11.0,nigel,11.0,ne,10.0,baby,8.0,hear,8.0,come,8.0
5Go0Jsxj1UnsU7Om841BEo,Permanent Wave,na,442,know,306,like,302,get,276.0,oh,269.0,la,236.0,love,218.0,never,195.0,time,193.0,ca,192.0
2foj4ZYVHRGqSd1aMqNPBj,Permanent Wave CHDB,love,182,let,113,world,104,oh,102.0,go,88.0,time,82.0,know,75.0,like,74.0,come,70.0,look,60.0
0VS9w0NY4KXfLORkhY81s8,Permanent Wave Cafe,go,23,know,16,see,15,like,15.0,face,15.0,knows,15.0,every,15.0,let,14.0,feet,14.0,memoria,13.0
0tOy7ZY4E2PadXIyj8zU43,Permanent wave,know,131,say,105,love,97,na,84.0,go,83.0,oh,80.0,one,73.0,away,67.0,got,61.0,time,57.0
0QN4FeJQ1mpCygRg9r2JIK,Permanent wave üåä,like,29,go,29,forever,24,alone,23.0,mind,21.0,different,19.0,matilda,19.0,love,16.0,state,16.0,feeling,14.0
37i9dQZF1DWYDQ8wBxd7xt,Pinoy Classic Rock,love,27,turn,20,world,19,feel,19.0,let,19.0,know,19.0,could,18.0,define,18.0,night,17.0,tonight,16.0
46Cl6dmeiylK6TRGXr7hHe,Pop - Pop UK - 2019 - Canadian Pop - 2019 - Pop,yeah,745,know,475,love,455,oh,424.0,na,423.0,go,395.0,want,373.0,got,367.0,ooh,342.0,like,341.0
6mXh8CUBMBsBUu88a4eAQV,Pop / Dance,ride,394,like,202,let,201,love,192.0,feel,172.0,got,158.0,know,149.0,na,149.0,say,130.0,yeah,123.0
7ccXu2NL5YPa7PVgnQxR1j,Pop / Hip-Hop: Gas ‚õΩÔ∏è,na,60,know,58,wan,40,famous,37.0,make,37.0,let,32.0,gon,30.0,like,27.0,got,25.0,want,25.0
3gV6KQYZKIuoWml0094vx6,Pop 2009-2011,love,366,yeah,260,na,135,like,133.0,let,130.0,oh,118.0,one,115.0,got,107.0,girl,105.0,know,101.0
7eERKCkgNKCCx5GYdeMIZf,Pop Dance Hits,la,212,na,123,dance,78,know,72.0,see,69.0,move,65.0,make,64.0,mmm,64.0,ooh,62.0,say,60.0
5EgzhnSirHRvu1AqlFLllv,Pop EDM,love,186,na,178,know,152,wan,150.0,take,143.0,let,131.0,say,127.0,go,120.0,yeah,97.0,ca,88.0
4aUEH3uhbofktrFkXOOaKj,Pop EDM Remixes,know,298,na,278,yeah,247,like,245.0,love,239.0,oh,215.0,want,169.0,hey,150.0,got,146.0,gon,135.0
6mtYuOxzl58vSGnEDtZ9uB,Pop Hits 2000-2019,like,141,yeah,139,want,111,got,108.0,know,106.0,oh,98.0,na,97.0,get,87.0,love,83.0,hey,82.0
5TDtuKDbOhrfW7C58XnriZ,Pop Hits 2020,love,114,say,78,go,75,let,75.0,like,71.0,na,69.0,know,67.0,got,63.0,one,58.0,yeah,55.0
4QAzO1Z92yqqD6Mf3mOANu,Pop Ingl√©s (2020 - 2010s)üíô M√∫sica En Ingl√©s 2010s,oh,848,love,779,got,625,like,572.0,yeah,470.0,let,454.0,know,450.0,doh,442.0,na,410.0,work,396.0
1YgWQAs1s77NzieIH4ARKn,Pop Punk | Post-Hardcore,know,157,never,149,got,146,like,136.0,go,134.0,oh,120.0,let,116.0,say,116.0,love,116.0,time,109.0
37i9dQZF1DXcZDD7cfEKhW,Pop Remix,yeah,395,know,282,oh,251,love,239.0,na,232.0,like,197.0,let,170.0,baby,159.0,tell,154.0,ca,147.0
37i9dQZF1DX3PIAZMcbo2T,Pop Warmup 130 BPM,love,342,name,199,like,150,oh,138.0,na,134.0,know,129.0,guy,128.0,high,106.0,life,105.0,let,104.0
2Aud8PXoTGcyY5esHu4Aaz,Post Teen Pop,like,314,yeah,268,know,216,got,210.0,oh,206.0,baby,182.0,ayy,166.0,high,161.0,love,158.0,want,150.0
222nc9tKxKhfZ2GBrOpwH3,Post pop teen,yeah,385,like,380,na,364,know,326.0,oh,301.0,love,250.0,wan,227.0,get,220.0,next,217.0,ooh,197.0
7jQHOrErpLMStcUUSavQWR,Post teen pop,na,168,yeah,118,got,76,like,66.0,mmm,62.0,go,47.0,rock,46.0,gon,43.0,need,43.0,make,40.0
6HprqD6WZMx5peClrxaprN,Post-Teen Pop,away,13,turn,12,town,12,warriors,6.0,built,6.0,dust,3.0,would,2.0,child,1.0,wait,1.0,watch,1.0
2KyjkYsSsC1UR75b0m98vd,Post-teen pop,yeah,321,like,156,love,153,got,147.0,know,122.0,way,106.0,get,104.0,ca,99.0,feel,84.0,oh,78.0
7GhTpb4eOp6403Bmgqz3db,Progressive Rock / Metal - Rock /Metal  Progresivo,love,38,time,38,see,35,one,33.0,go,33.0,come,30.0,know,29.0,got,27.0,hear,26.0,need,26.0
37i9dQZF1DWZ1FUX6sM67g,Punto Tropical,pide,57,de,55,la,48,alright,37.0,ya,36.0,fuego,36.0,contra,33.0,na,29.0,una,29.0,que,27.0
2Ey63yNQeC9Yto7JwX9BGJ,R&B 80's/90's/00's,love,361,know,352,oh,281,baby,279.0,na,242.0,yeah,226.0,go,210.0,got,201.0,wan,183.0,let,178.0
6Hbd65HmEAxTJ3cHZNUz2h,RADIO POP CHARTS,know,7,told,5,like,4,us,3.0,left,3.0,wan,3.0,na,3.0,see,2.0,always,2.0,well,2.0
37i9dQZF1DX1ct2TQrAvRf,RAP 91,hai,44,ka,39,naachne,34,shaunq,34.0,pum,24.0,na,21.0,mein,17.0,inhe,17.0,slums,17.0,rockin,16.0
1Z1gW89x4MSBjkvVjGg7DQ,RAP Gangsta,yeah,483,got,453,like,420,bitch,263.0,ai,257.0,nigga,251.0,fuck,235.0,niggas,222.0,get,188.0,know,185.0
42E6uFhL4e2nXmbmeigwXb,REGGAETON ANTIGUO üî•,tacata,61,tacat√°,59,yeah,36,little,33.0,que,30.0,hey,28.0,dale,25.0,mama,25.0,culo,25.0,mamasita,24.0
4sGnz2x5tbHE2YlW1nemfb,Rap Party 24/7 Radio / Gangsta Rap,yeah,225,like,146,bitch,125,got,119.0,know,118.0,fuck,115.0,get,105.0,shit,75.0,fucking,69.0,nigga,66.0
37i9dQZF1DX76t638V6CA8,Rap Workout,yeah,361,got,327,like,247,get,207.0,nigga,177.0,man,144.0,back,139.0,go,128.0,know,127.0,girl,115.0
37i9dQZF1DX0XUsuxWHRQd,RapCaviar,yeah,1097,got,872,like,722,bitch,565.0,nigga,490.0,get,458.0,uh,419.0,know,407.0,ai,386.0,fuck,312.0
7xWuNevFBmwnFEg6wzdCc7,Reggaeton 2020 ‚òÄ,hate,14,fuck,11,friends,11,go,10.0,hot,9.0,girl,9.0,bummer,9.0,throw,9.0,anthem,8.0,turn,8.0
37i9dQZF1DX8SfyqmSFDwe,Reggaeton Classics,na,15,que,13,oye,12,girl,9.0,chadh,8.0,gayi,8.0,as√≠,8.0,wine,8.0,tu,7.0,mi,7.0
0si5tw70PIgPkY1Eva6V8f,Reggaeton viejitoüî•,oye,12,chadh,8,gayi,8,mi,7.0,tu,5.0,que,5.0,fi,5.0,gwaan,5.0,pehen,4.0,ke,4.0
0y8MUle9Lf8VDNjPsskzJB,Rock Ballads 80s 90s | Best Rock Love Songs 80's 90's Music Hits,love,142,find,49,never,48,somebody,45.0,cry,41.0,let,32.0,like,30.0,oh,30.0,know,26.0,make,24.0
37i9dQZF1DWXRqgorJj26U,Rock Classics,love,127,wild,104,oh,103,yeah,80.0,baby,77.0,na,76.0,one,71.0,got,68.0,know,61.0,want,58.0
37i9dQZF1DWWJOmJ7nRx0C,Rock Hard,never,210,know,184,ca,132,let,124.0,one,121.0,away,118.0,na,116.0,like,106.0,take,103.0,yeah,98.0
5hvf4yL105Rw6cvCP6AMjM,Rock Hubspot,im,16,sorry,16,way,12,fucked,10.0,find,9.0,see,9.0,remember,9.0,late,9.0,time,8.0,lost,8.0
0COM4nZqdXC3sMjVdcaU7V,SINULOG Festival 2020,say,15,love,11,like,6,first,6.0,need,5.0,na,5.0,oh,5.0,touch,4.0,wan,4.0,get,4.0
6CgjYkPIWTxJi8RtPcki02,SNZB PERMANENT WAVE,oh,64,go,59,doo,48,yeah,38.0,rebel,36.0,know,33.0,like,32.0,love,30.0,ya,30.0,ahead,29.0
7kzKtw5vug3IIxKfLadi8A,Sad Trap,yeah,366,love,223,like,207,know,192.0,got,178.0,na,164.0,wan,150.0,want,142.0,ca,134.0,gon,120.0
2ujrP2rPxu8ao7wNeG1ZOY,Saxophone in Hip Hop - R&B Lounge - Jazz Rap,like,244,got,203,ai,147,know,137.0,get,130.0,want,115.0,ca,111.0,see,107.0,little,97.0,love,96.0
0SqaMfNsngZCpPw0UuelA7,School Dance 2019 (Squeaky Clean),yeah,271,say,257,doh,221,got,170.0,oh,163.0,name,153.0,know,151.0,like,145.0,baby,136.0,na,128.0
2JPzPB9jnvJLAYtmCbvZy8,Selected House,feel,38,got,29,want,25,sometime,24.0,na,20.0,yeah,20.0,love,19.0,go,19.0,wan,18.0,oh,18.0
5EMARioe9z9eKOeWIAC2JW,Sexy Soul 2020,love,277,know,176,oh,119,baby,111.0,like,96.0,never,91.0,na,90.0,ooh,70.0,man,66.0,want,65.0
4R4c3WdN1Any2Q1NSuec3r,Sick Big Room House Drops | EZUMI,hands,38,jump,26,put,22,take,18.0,world,18.0,know,7.0,place,7.0,right,7.0,left,6.0,death,5.0
7ozFIvz1bE1HPgQTUl5qfT,Smooth Hip Hop,like,261,got,190,get,174,ai,155.0,know,118.0,shit,105.0,see,104.0,never,102.0,na,89.0,yeah,85.0
37i9dQZF1DX6TIU4D13lOY,Soft Rock Drive,love,208,oh,124,like,100,na,96.0,know,90.0,one,78.0,got,78.0,night,73.0,ca,71.0,tell,71.0
6IErGHjBfhey8URq0mFnPi,Someone You Loved Lewis Capaldi (Pop Music Mix),yeah,483,like,271,got,246,lot,161.0,shit,150.0,know,135.0,many,126.0,back,113.0,ai,107.0,say,105.0
16iNEskDatG5KbDV16F6LR,Soul Coffee (The Best Neo-Soul Mixtape ever),love,266,know,151,yeah,127,na,115.0,let,108.0,one,100.0,oh,97.0,get,91.0,baby,85.0,got,85.0
206vi9Q0p3juAU73flxPsz,Southern California Hip Hop Primer,got,489,na,464,like,387,ai,311.0,get,290.0,nigga,256.0,yeah,232.0,shit,203.0,niggas,201.0,back,191.0
4lcyWQDOzPfcbZrcBI3FOW,Southern Hip Hop,got,843,like,803,get,673,nigga,603.0,know,539.0,ai,508.0,yeah,413.0,make,380.0,niggas,379.0,go,376.0
0QUlq0LMDVXSBtbyYLTyZh,Southern Rock/Classic Rock,got,150,oh,132,ca,122,na,122.0,know,115.0,see,113.0,baby,107.0,take,106.0,come,100.0,well,96.0
3nTS97zUqxJBQeiXNRs963,Southern Soul BBQ Mix,la,160,dance,146,got,107,na,107.0,oh,102.0,love,100.0,let,94.0,yeah,93.0,baby,90.0,know,84.0
4xJULuV0P5PLcMe3xP8Pgj,Southern soul & hip hop,like,210,got,195,ai,177,know,164.0,oh,151.0,yeah,147.0,one,137.0,still,123.0,back,120.0,let,118.0
37i9dQZF1DXbtuVQL4zoey,Sunny Beats,yellow,6,bird,6,fly,5,away,2.0,wo,1.0,ya,1.0,stay,1.0,today,1.0,could,1.0,happen,1.0
6oghIlByD49KFGNmNU8GSH,Supernatural Classic Rock,oh,206,na,184,know,135,got,127.0,come,110.0,time,95.0,gon,88.0,baby,86.0,take,80.0,man,80.0
3krpccUV68nBGAQbvHEZDC,"Swingbeat (old skool), New Jack Swing, R&B, Hip Hop, Urban",baby,444,na,362,know,296,like,244.0,wan,214.0,love,199.0,got,197.0,girl,189.0,get,186.0,go,179.0
3arpkhoRWXEYbdCpVAIrRR,TUNES DANCE AND POP,like,103,rare,98,thing,84,ever,84.0,feel,63.0,love,52.0,know,50.0,oh,49.0,ah,49.0,baby,48.0
3QEYvCsVXZj8KuzE0bDmcI,Techno House 2020 üëΩ Best Collection üëª Top DJ‚Äôs Electronic Music - Deep House - Trance - Tech House - Dance - Electro Pop,night,82,crazy,75,things,74,mine,45.0,cause,25.0,bleu,24.0,chanel,24.0,give,20.0,little,19.0,shut,17.0
1S7BckuYIkEazeNKOSM0uA,The 1950s/1960s/1970s/1980s/1990s/2000s/2010s with pop/r&b/soul/boogie/dance/jazz/hip hop/hop/rap.,du,208,baby,176,got,173,get,172.0,yeah,163.0,love,160.0,like,118.0,oh,117.0,know,113.0,let,111.0
0KNLLunbFh9XgitPMOGmQg,The Black Album,love,179,oh,79,yeah,78,ooh,58.0,know,54.0,go,54.0,got,48.0,bluebird,47.0,jet,46.0,away,43.0
4E3K9oQgvLcKEz0wgBBXxD,The Cranberries Best Of,ah,66,huh,56,know,54,imagination,43.0,got,42.0,na,41.0,hold,40.0,head,40.0,would,38.0,like,38.0
5vIdb67lQcdFwoVkE4UMep,The Edge of Indie Poptimism,know,82,like,66,never,59,na,56.0,got,53.0,let,46.0,love,38.0,oh,37.0,wan,37.0,go,36.0
4mciQwEuqaUMwIWKcDMFW0,The New (Jack Swing) Testament,love,119,oh,119,baby,111,like,105.0,girl,103.0,want,75.0,got,73.0,na,63.0,know,59.0,wan,51.0
5qFXOOxrQVyS4UCq3UilZN,The Pulse of Indie Poptimism,want,537,yeah,210,know,200,like,190.0,na,177.0,go,135.0,got,133.0,radical,132.0,time,112.0,wan,110.0
3E88dLx4fgFYY70gdGzdnB,The Queen - La Discografia Completa,love,236,got,160,yeah,158,ooh,157.0,na,145.0,get,145.0,know,139.0,la,126.0,time,125.0,take,119.0
3yj9YnQGTdnFuKbDyXGDi6,The Sound of Album Rock,yeah,308,na,253,oh,244,love,224.0,know,222.0,time,203.0,baby,203.0,got,186.0,like,154.0,want,153.0
7nHgmv7uyIA1KHj6qTttjH,The Sound of Indie Poptimism,know,343,oh,239,love,208,like,185.0,na,180.0,let,177.0,never,166.0,get,147.0,go,134.0,ca,134.0
0zn8nuASKC0PISqD9mxCSV,The Sound of New Jack Swing,love,175,body,113,never,98,like,94.0,baby,85.0,na,67.0,know,60.0,way,59.0,wan,52.0,oh,46.0
4EYSGTuqe9cVfSVpX4gtGv,The Sound of Permanent Wave,love,199,na,130,oh,127,like,113.0,every,99.0,got,97.0,know,94.0,hey,88.0,never,77.0,hallelujah,74.0
10FCW9lj0NdeoYI5VVvVtY,The Sound of Post-Teen Pop,love,538,oh,486,like,466,yeah,450.0,na,437.0,know,381.0,go,338.0,let,329.0,baby,281.0,time,266.0
18jT9NMRZifv6cMtK2jWD4,The Sound of Southern Hip Hop,like,286,got,251,get,240,ai,219.0,fuck,215.0,nigga,188.0,know,184.0,thug,180.0,let,179.0,go,160.0
07zF8MjQPsiYUXiAIGZ5TA,The Sound of Urban Contemporary,know,804,love,800,baby,777,oh,549.0,na,506.0,let,463.0,like,463.0,come,411.0,yeah,357.0,got,349.0
37i9dQZF1DXarsfY89zXC6,This Is Gloria Estefan,love,114,na,87,know,72,doc,50.0,wepa,39.0,turn,37.0,beat,36.0,ca,36.0,get,32.0,time,30.0
37i9dQZF1DX74DnfGTwugU,This Is Guns N' Roses,take,137,oh,135,got,125,na,123.0,know,121.0,yeah,110.0,door,77.0,home,75.0,ooh,75.0,wo,74.0
37i9dQZF1DWVT93EW7kPT9,This Is Janelle Mon√°e,oh,130,know,37,like,32,ba,30.0,ai,28.0,love,27.0,yeah,27.0,see,24.0,wild,24.0,time,23.0
37i9dQZF1DWTIuAboZgTMf,This Is Logic,like,591,know,531,yeah,413,shit,333.0,get,276.0,got,247.0,ai,210.0,fuck,200.0,na,182.0,back,177.0
37i9dQZF1DWViGKI2U5P2K,This Is Scorpions,love,60,away,38,like,37,night,32.0,come,30.0,time,26.0,one,24.0,way,23.0,make,22.0,ca,22.0
37i9dQZF1DWYBUdckfg1va,This Is: Don Omar,kings,9,que,7,dance,7,hall,7.0,na,6.0,te,6.0,belly,6.0,danza,6.0,like,5.0,everyday,5.0
7ENISpOJhocpMJVcGb0qcT,Today's Hits (Clean),oh,321,na,216,know,198,like,176.0,baby,163.0,yeah,161.0,got,143.0,wan,142.0,love,138.0,ya,125.0
6a66cg3HcsjYkisYyQcov6,Today's Hits 2000-Present,na,273,yeah,269,shake,236,got,227.0,one,208.0,oh,207.0,love,202.0,know,178.0,say,159.0,tonight,159.0
4csIMGPI3aGo3Xy7WG8jBi,Todo Reggaeton,la,22,loca,10,make,6,fuego,6.0,da,6.0,crazy,5.0,start,5.0,ca,5.0,babygirl,5.0,bed,4.0
2ji5tRQVfnhaX1w9FhmSzk,Todo √âxitos,yeah,770,love,434,got,339,like,231.0,back,231.0,babe,224.0,say,201.0,way,192.0,feel,189.0,bring,162.0
1m7Ov4UeE0XYD2P82Qnt8B,Top 50 - Afghanistan,drive,17,wild,14,got,10,love,9.0,uh,7.0,ast,7.0,fire,6.0,oh,6.0,angel,6.0,fly,6.0
37i9dQZEVXbMMy2roB9myp,Top 50 - Argentina,know,8,world,4,us,4,wan,3.0,na,3.0,harry,2.0,say,2.0,good,2.0,holding,2.0,back,2.0
37i9dQZEVXbJPcfkRz0wJ0,Top 50 - Australia,know,274,christmas,260,like,245,na,225.0,yeah,217.0,oh,217.0,got,206.0,love,204.0,ca,188.0,get,185.0
37i9dQZEVXbKNHh6NIXu36,Top 50 - Austria,christmas,355,na,187,oh,170,yeah,169.0,like,169.0,love,141.0,know,136.0,wan,132.0,let,129.0,baby,112.0
37i9dQZEVXbJNSeeHswcKB,Top 50 - Belgium,christmas,339,na,210,oh,199,know,176.0,baby,153.0,love,151.0,yeah,149.0,like,139.0,let,137.0,wan,116.0
37i9dQZEVXbJqfMFK4d691,Top 50 - Bolivia,ÿØÿßŸÜ,30,jingle,29,christmas,28,ŸÑÿß,24.0,bell,21.0,want,20.0,yeah,19.0,oh,18.0,flower,18.0,time,18.0
37i9dQZEVXbMXbN3EUUhlg,Top 50 - Brazil,ÿØÿßŸÜ,30,jingle,28,ŸÑÿß,24,want,22.0,bell,21.0,know,19.0,ÿ£ŸÑÿß,17.0,ŸáŸà,17.0,yeah,16.0,oh,16.0
37i9dQZEVXbKj23U1GF4IR,Top 50 - Canada,like,338,christmas,316,know,278,yeah,274.0,got,258.0,oh,242.0,na,227.0,let,208.0,love,205.0,time,205.0
37i9dQZEVXbL0GavIqMTeb,Top 50 - Chile,jingle,53,bell,36,christmas,35,time,29.0,want,20.0,gave,18.0,oh,16.0,year,16.0,know,15.0,baby,15.0
37i9dQZEVXbOa2lmxNORXQ,Top 50 - Colombia,flower,18,Îïå,15,flowerwork,12,light,10.0,know,8.0,yeah,8.0,ÎÇò,7.0,ÎÇ¥,6.0,Ï†Ä,6.0,ÌïòÎäòÏóê,6.0
37i9dQZEVXbMZAjGMynsQX,Top 50 - Costa Rica,jingle,29,christmas,27,want,22,bell,21.0,know,20.0,oh,18.0,snow,18.0,time,18.0,need,16.0,tree,16.0
37i9dQZEVXbL3J0k32lWnN,Top 50 - Denmark,christmas,214,know,133,love,119,na,111.0,oh,105.0,wan,95.0,let,90.0,want,84.0,yeah,76.0,time,76.0
37i9dQZEVXbJlM6nvL1nD1,Top 50 - Ecuador,christmas,59,snow,41,let,38,ÿØÿßŸÜ,30.0,jingle,29.0,oh,25.0,ŸÑÿß,24.0,na,24.0,wish,24.0,wan,23.0
37i9dQZEVXbLesry2Qw2xS,Top 50 - Estonia,christmas,268,yeah,252,na,251,love,242.0,know,214.0,wan,212.0,oh,193.0,like,145.0,let,140.0,time,134.0
37i9dQZEVXbMxcczTSoGwZ,Top 50 - Finland,christmas,178,oh,115,na,112,know,107.0,love,99.0,wan,97.0,let,83.0,like,76.0,snow,74.0,yeah,73.0
37i9dQZEVXbIPWwFssbupI,Top 50 - France,christmas,167,baby,107,oh,105,love,104.0,yeah,103.0,na,91.0,know,84.0,go,76.0,like,69.0,let,68.0
37i9dQZEVXbJiZcmkrIHGU,Top 50 - Germany,christmas,336,know,176,oh,164,na,163.0,love,154.0,yeah,151.0,like,148.0,wan,132.0,time,117.0,let,100.0
37i9dQZEVXbMDoHDwVN2tF,Top 50 - Global,christmas,270,oh,192,yeah,185,na,179.0,know,171.0,like,169.0,wan,155.0,love,144.0,let,143.0,ca,124.0
37i9dQZEVXbJqdarpmTJDL,Top 50 - Greece,christmas,58,know,52,na,50,wan,47.0,yeah,43.0,get,41.0,want,41.0,got,38.0,let,32.0,baby,29.0
37i9dQZEVXbLy5tBFyQvd4,Top 50 - Guatemala,christmas,40,jingle,29,na,23,wish,23.0,wan,22.0,bell,21.0,feliz,21.0,navidad,21.0,want,20.0,flower,18.0
37i9dQZEVXbLwpL8TjsxOG,Top 50 - Hong Kong,christmas,92,yeah,75,like,75,want,66.0,know,62.0,oh,60.0,let,57.0,nan,56.0,snow,53.0,got,51.0
37i9dQZEVXbNHwMxAkvmF8,Top 50 - Hungary,christmas,260,oh,168,na,123,yeah,121.0,like,121.0,know,119.0,love,109.0,wan,103.0,want,100.0,santa,100.0
37i9dQZEVXbKMzVsSGQ49S,Top 50 - Iceland,christmas,145,know,132,na,118,wan,108.0,love,100.0,like,99.0,let,90.0,yeah,83.0,got,77.0,get,69.0
37i9dQZEVXbLZ52XmnySJg,Top 50 - India,yeah,39,never,30,ÿØÿßŸÜ,30,baby,25.0,make,25.0,oh,25.0,know,24.0,like,24.0,ah,24.0,nan,24.0
37i9dQZEVXbObFQZ3JLcXt,Top 50 - Indonesia,love,72,na,71,wan,69,never,42.0,fall,39.0,like,38.0,know,36.0,nan,36.0,yeah,34.0,go,34.0
37i9dQZEVXbKM896FDX8L1,Top 50 - Ireland,christmas,361,oh,220,know,217,na,194.0,yeah,177.0,love,166.0,wan,163.0,like,161.0,let,153.0,baby,142.0
37i9dQZEVXbJ6IpvItkve3,Top 50 - Israel,na,102,wan,92,know,57,love,52.0,yeah,40.0,baby,40.0,got,38.0,like,37.0,oh,37.0,get,32.0
37i9dQZEVXbIQnj7RRhdSX,Top 50 - Italy,christmas,186,oh,100,let,82,love,81.0,na,79.0,know,69.0,yeah,65.0,snow,65.0,baby,62.0,want,61.0
37i9dQZEVXbKXQ4mDTEBXq,Top 50 - Japan,christmas,66,oh,56,yeah,52,like,44.0,want,43.0,year,39.0,love,35.0,tell,33.0,heart,33.0,gave,33.0
37i9dQZEVXbJWuzDrTxbKS,Top 50 - Latvia,christmas,244,na,210,love,206,know,194.0,wan,182.0,yeah,148.0,like,144.0,baby,136.0,let,133.0,time,128.0
37i9dQZEVXbMx56Rdq5lwc,Top 50 - Lithuania,christmas,272,love,219,na,215,yeah,175.0,wan,173.0,know,170.0,baby,155.0,like,151.0,oh,151.0,let,127.0
37i9dQZEVXbKGcyg6TFGx6,Top 50 - Luxembourg,christmas,303,oh,192,yeah,191,na,159.0,like,156.0,love,145.0,know,144.0,baby,139.0,make,127.0,got,113.0
37i9dQZEVXbJlfUljuZExa,Top 50 - Malaysia,yeah,140,love,139,like,127,na,120.0,know,111.0,baby,109.0,wan,105.0,oh,96.0,got,91.0,nan,84.0
37i9dQZEVXbO3qyFxbkOE1,Top 50 - Mexico,baby,30,christmas,29,jingle,29,know,25.0,oh,22.0,bell,21.0,want,20.0,yeah,19.0,time,19.0,gave,18.0
37i9dQZEVXbJU9eQpX8gPT,Top 50 - Morocco,oh,117,yeah,110,like,91,love,75.0,know,73.0,got,70.0,la,57.0,baby,56.0,make,55.0,get,54.0
37i9dQZEVXbKCF6dqVpDkS,Top 50 - Netherlands,christmas,402,love,188,know,187,oh,186.0,na,145.0,yeah,142.0,like,132.0,baby,132.0,let,121.0,time,118.0
37i9dQZEVXbM8SIrkERIYl,Top 50 - New Zealand,christmas,311,know,305,oh,303,yeah,273.0,like,266.0,got,256.0,na,254.0,wan,208.0,love,206.0,baby,186.0
37i9dQZEVXbISk8kxnzfCq,Top 50 - Nicaragua,ÿØÿßŸÜ,30,christmas,29,yeah,28,ŸÑÿß,24.0,want,20.0,oh,20.0,flower,18.0,gave,18.0,ÿ£ŸÑÿß,17.0,ŸáŸà,17.0
37i9dQZEVXbJvfa0Yxg7E7,Top 50 - Norway,christmas,176,na,139,know,137,wan,120.0,oh,111.0,love,104.0,let,95.0,snow,79.0,nan,70.0,like,68.0
37i9dQZEVXbKypXHVwk1f0,Top 50 - Panama,oh,31,ÿØÿßŸÜ,30,jingle,29,ŸÑÿß,24.0,know,23.0,make,23.0,want,22.0,christmas,22.0,baby,21.0,bell,21.0
37i9dQZEVXbJfdy5b0KP7W,Top 50 - Peru,ÿØÿßŸÜ,30,yeah,29,jingle,29,ŸÑÿß,24.0,bell,21.0,oh,20.0,time,20.0,want,20.0,flower,18.0,ÿ£ŸÑÿß,17.0
37i9dQZEVXbNBz9cRCSFkY,Top 50 - Philippines,na,120,like,115,baby,110,yeah,109.0,love,103.0,oh,93.0,know,92.0,wan,88.0,nan,76.0,let,72.0
37i9dQZEVXbKyJS56d1pgi,Top 50 - Portugal,christmas,205,love,149,na,139,yeah,137.0,know,131.0,oh,123.0,wan,116.0,like,102.0,baby,92.0,let,91.0
37i9dQZEVXbNZbJ6TZelCq,Top 50 - Romania,christmas,163,yeah,144,know,137,love,120.0,na,113.0,let,108.0,time,101.0,wan,96.0,baby,94.0,wo,83.0
37i9dQZEVXbLrQBcXqUtaC,Top 50 - Saudi Arabia,know,167,na,145,yeah,124,got,114.0,like,109.0,baby,104.0,oh,104.0,never,100.0,love,92.0,get,90.0
37i9dQZEVXbK4gjvS1FjPY,Top 50 - Singapore,like,207,yeah,198,christmas,183,baby,170.0,know,166.0,oh,151.0,na,149.0,love,136.0,wan,126.0,got,122.0
37i9dQZEVXbKIVTPX9a2Sb,Top 50 - Slovakia,christmas,243,love,170,know,151,na,132.0,yeah,122.0,like,117.0,oh,115.0,let,115.0,wan,113.0,nan,94.0
37i9dQZEVXbMH2jvi6jvjk,Top 50 - South Africa,like,227,got,210,know,187,yeah,172.0,na,151.0,get,139.0,wan,137.0,oh,133.0,love,130.0,time,118.0
37i9dQZEVXbNxXF4SkHj9F,Top 50 - South Korea,yeah,351,oh,171,get,140,like,137.0,baby,121.0,na,114.0,go,107.0,ÎÇ¥,102.0,christmas,101.0,love,100.0
37i9dQZEVXbNFJfN1Vw8d9,Top 50 - Spain,let,60,baby,48,snow,45,yeah,42.0,christmas,41.0,know,36.0,jingle,28.0,wo,26.0,love,25.0,year,25.0
6zFJ2HTXC3d38AgpfcPGph,Top 50 - Suriname,oh,124,yeah,107,like,105,lo,103.0,baby,96.0,know,95.0,dey,92.0,make,91.0,na,90.0,go,88.0
37i9dQZEVXbLoATJ81JYXz,Top 50 - Sweden,christmas,166,na,109,know,102,love,94.0,wan,94.0,let,91.0,snow,68.0,time,63.0,year,61.0,merry,61.0
37i9dQZEVXbJiyhoAPEfMK,Top 50 - Switzerland,christmas,337,yeah,211,like,202,na,194.0,oh,191.0,love,172.0,wan,151.0,know,135.0,baby,133.0,got,124.0
37i9dQZEVXbMnZEatlMSiu,Top 50 - Taiwan,oh,71,yeah,69,like,67,know,51.0,right,51.0,christmas,51.0,love,50.0,nan,44.0,want,43.0,baby,40.0
37i9dQZEVXbMnz8KIWsvf9,Top 50 - Thailand,yeah,67,oh,58,love,53,know,50.0,want,49.0,like,42.0,tell,42.0,nan,39.0,get,36.0,flower,36.0
37i9dQZEVXbIVYVBNw9D5K,Top 50 - Turkey,love,25,na,21,another,20,wan,17.0,gaga,16.0,hands,15.0,used,14.0,tears,12.0,oh,12.0,dance,12.0
37i9dQZEVXbM4UZuIrvHvA,Top 50 - UAE,oh,220,yeah,209,christmas,206,na,203.0,like,194.0,know,191.0,love,173.0,time,170.0,got,167.0,wan,165.0
37i9dQZEVXbLRQDuF5jeBp,Top 50 - USA,christmas,312,like,299,yeah,254,got,227.0,know,217.0,na,187.0,oh,186.0,baby,185.0,get,173.0,want,168.0
37i9dQZEVXbKkidEfWYRuD,Top 50 - Ukraine,love,113,face,81,got,74,spit,72.0,know,67.0,fuck,65.0,wo,56.0,na,53.0,get,49.0,shit,47.0
37i9dQZEVXbLnolsZ8PSNw,Top 50 - United Kingdom,christmas,379,oh,268,know,234,na,229.0,yeah,204.0,wan,190.0,like,176.0,love,176.0,let,159.0,got,149.0
37i9dQZEVXbLdGSmz6xilI,Top 50 - Vietnam,yeah,142,oh,128,like,79,love,71.0,got,70.0,let,64.0,baby,61.0,know,56.0,tell,54.0,run,54.0
5atgcoJ9pDa39CzCYdXkRi,Top 50 Polska,yeah,68,ca,66,let,62,like,50.0,get,43.0,oh,37.0,one,29.0,away,23.0,love,22.0,baby,22.0
3seAKhZ9QXirBjL9lazOi4,Top 50+ Zimbabwe,dey,254,yeah,234,oh,208,love,206.0,go,205.0,know,193.0,like,131.0,make,126.0,girl,124.0,na,123.0
4Gc9TFxlqmoe50m9Yy78ei,Top Urban Underground,like,13,got,11,money,10,get,10.0,yeah,10.0,could,8.0,never,8.0,make,8.0,need,7.0,back,6.0
2yofeyPwe0ZNmJHTrGz2Qt,Trance Party 2019 by FUTURE TRANCE,nah,110,never,57,get,44,stay,37.0,time,34.0,love,33.0,oh,33.0,together,32.0,let,32.0,loving,26.0
37DFLy7lqF3qiR99Ss2ZGR,Trap 2020 üî•,que,16,yeah,14,one,10,top,10.0,de,6.0,drums,5.0,ey,5.0,con,5.0,mi,5.0,ay,5.0
7tkgK1tm9hYkWp7EFyOcAr,Trap Americana,yeah,491,like,259,got,227,bitch,190.0,nigga,137.0,ai,124.0,get,119.0,niggas,116.0,fuck,98.0,ooh,95.0
37i9dQZF1DWTGaQ84g8alz,Trap Funk,like,10,eu,9,vem,7,e,7.0,na,6.0,voc√™,6.0,pra,6.0,wo,5.0,baile,5.0,mais,5.0
37i9dQZF1DXde9tuMHuIsj,Trap Land,stars,151,five,150,en,11,yeah,11.0,el,10.0,wuh,8.0,cinco,8.0,lifestyle,7.0,lo,7.0,tengo,7.0
37i9dQZF1DX1OIMC8iDi74,Trap Mojito,yeah,46,ooh,42,love,35,late,32.0,know,31.0,go,30.0,much,30.0,blame,28.0,level,26.0,smoke,24.0
0NCspsyf0OS4BsPgGhkQXM,Trap Nation,back,74,oh,60,know,60,enough,49.0,yet,44.0,ground,34.0,one,33.0,say,32.0,made,32.0,used,31.0
5aPwKjwNHr6dnCejLcPTVx,Trap Nation üîä,oh,424,like,273,love,220,dum,196.0,know,155.0,got,148.0,dj,128.0,yeah,120.0,tell,119.0,na,116.0
37i9dQZF1DWY3UKS6jvnxr,Trap strefa,yeah,57,let,54,know,54,go,36.0,uh,36.0,ever,36.0,sad,36.0,na,21.0,someone,18.0,afraid,18.0
37i9dQZF1DWWr5uieiPUVM,Trapperz Brasil,yeah,32,hol,17,gang,14,wow,12.0,hype,12.0,dex,10.0,batendo,10.0,bate,10.0,minha,9.0,na,8.0
4N1ipiKR3xla8UXtE12XBm,Trending EDM by Nik Cooper,butt,79,make,54,love,46,feel,29.0,got,28.0,drop,27.0,club,26.0,go,25.0,see,24.0,rock,24.0
37i9dQZF1DX1bDvyV0IkZ3,Tropical Beats,love,281,know,88,let,86,like,68.0,go,53.0,oh,49.0,want,44.0,baby,42.0,give,42.0,yeah,37.0
37i9dQZF1DX0AMssoUKCz7,Tropical House,love,162,know,141,let,123,oh,113.0,like,97.0,go,94.0,got,90.0,ooh,77.0,feel,69.0,na,66.0
2oivDYqm1dQK4KbwVJTaf6,Tropical House 2020,love,88,na,75,know,57,like,52.0,dance,52.0,wan,47.0,something,39.0,never,38.0,night,37.0,simple,34.0
3YdAwfgQLMS4AN2WjRfRlb,Tropical House Remixes üçç Tropical Remixes & Tropical Covers,got,116,love,112,like,110,yeah,98.0,na,90.0,baby,88.0,go,72.0,let,63.0,ooh,60.0,oh,57.0
37i9dQZF1DWSTc9FdySHtz,Tropical House Run 190 BPM,love,94,come,87,know,67,got,57.0,like,52.0,turn,37.0,baby,36.0,body,34.0,na,33.0,get,31.0
06zrBJ5cts5aemZmqe80J7,Tropical House üå¥,let,68,got,54,night,42,know,39.0,back,37.0,go,37.0,like,36.0,ah,35.0,love,32.0,oh,32.0
2SRbIs0eBQwHeTP7kErjwo,Tropical House üèù 2020 Hits,oh,73,love,58,got,44,hold,31.0,yeah,30.0,look,30.0,us,29.0,day,26.0,parallel,24.0,na,23.0
0vbtbmyihyvl2MVYrdKdGw,Tropical Morning,oh,186,love,162,na,105,let,101.0,got,81.0,know,73.0,try,64.0,talk,64.0,gon,61.0,baby,58.0
37i9dQZF1DX0ES2mnOVvai,Tropical Nights,music,1,contain,1,words,1,,,,,,,,,,,,,,
37i9dQZF1DX6RA5ZrA5a23,Tropical Vibes,na,123,like,85,somebody,71,yeah,59.0,let,37.0,know,35.0,love,34.0,one,34.0,oh,34.0,gon,33.0
4EKXjB5zlv2DpTS84h407H,URBAN NATION,jump,52,place,14,right,14,know,12.0,left,12.0,go,10.0,le,8.0,like,8.0,done,8.0,bang,8.0
37i9dQZF1DWTHM4kX49UKs,Ultimate Indie Presents... Best Indie Tracks of the 2010s,know,418,say,401,oh,366,like,353.0,get,335.0,make,285.0,never,280.0,girl,265.0,time,238.0,see,235.0
37i9dQZF1DWTc5QDlvD7t0,Ultimate Indie Presents... Best Tracks of 2019,get,101,la,94,ayy,94,yeah,77.0,know,74.0,na,73.0,back,65.0,home,58.0,like,56.0,life,55.0
1dsaMvnC1hXPCNGC4aVtjj,Ultimate Throwbacks Collection,love,277,like,253,know,252,baby,221.0,na,209.0,get,205.0,yeah,203.0,oh,172.0,got,167.0,girl,163.0
29jj7pQlDqnWclbHQk21Rq,Underground Party | Hypnotic | Minimal | Acid | Big Room | Tech | Liquid,music,3,us,2,listen,2,hear,2.0,everywhere,2.0,might,1.0,levitate,1.0,wind,1.0,air,1.0,light,1.0
5NTm3injIRkUMROsZr3C2O,Unplugged Hits üì£,oh,293,like,173,know,167,na,158.0,love,148.0,yeah,131.0,go,118.0,let,111.0,time,100.0,want,88.0
4Pbs84EQbuAblxlp6Chz0d,Urban Contemporary,love,527,got,524,know,464,na,414.0,like,392.0,yeah,313.0,baby,309.0,oh,279.0,get,253.0,want,247.0
1ZlL3IQS8eB0s0RMxz02yD,Urban contemporary,know,208,oh,206,na,166,love,163.0,like,136.0,let,125.0,got,123.0,home,119.0,never,119.0,hold,98.0
5CK0fshHcik1vWyeCc0zat,Urban/Trap - Contemporary RAP,got,309,nigga,246,like,245,ai,203.0,get,193.0,fuck,156.0,shit,154.0,know,135.0,money,134.0,god,131.0
0VsVywryrqLhHmsVFVcOAg,Urbano: Latino Vibes,song,2,released,2,lyrics,1,yet,1.0,please,1.0,check,1.0,back,1.0,,,,,,
6BKqPGcrFMy6TczW0R5Vsz,Vault: Def Leppard Greatest Hits,get,103,oh,71,love,67,let,65.0,got,63.0,want,48.0,yeah,46.0,come,45.0,like,38.0,rock,29.0
5HmZtuuIDMtIy21kylqhx6,Ver√£o 2020 | Pop | Funk | Sertanejo | EDM | Top Hits 2019 - As Mais Tocadas,want,17,could,15,wan,13,na,13.0,need,12.0,rewind,12.0,wished,11.0,shameless,6.0,ya,6.0,last,6.0
37i9dQZF1DX3fXJqxGjuEP,Vibra Tropical,que,14,yo,13,quiero,12,t√∫,12.0,quieras,12.0,tal,12.0,cual,12.0,say,12.0,hear,8.0,love,8.0
7EPbNmUW9nkRplDLSN9te4,VidaLoca - Latin / Raggaeton / Hip Hop ¬©,wine,82,dem,71,mi,58,take,52.0,wan,47.0,nuh,46.0,see,34.0,ca,31.0,di,30.0,time,29.0
0DdGqNa18DwYyfIR05OrW1,Viral Southern Hip Hop,pose,154,bitch,76,like,71,na,63.0,yeah,57.0,got,55.0,talk,50.0,shit,46.0,get,45.0,ai,36.0
5PCAWKfUWAUj8VeY8G7xRQ,Vocal House,like,140,love,98,boys,94,oh,91.0,got,86.0,know,82.0,na,73.0,calling,66.0,keep,52.0,feel,52.0
64k01l4j6QtnZ8jMaI84AA,Waves Pop and EDM,uh,72,right,27,dance,22,might,18.0,like,18.0,hit,18.0,know,16.0,never,16.0,come,15.0,put,15.0
37i9dQZF1DX1lwxXvReaux,Workday: Rock Classics,la,208,yeah,144,night,114,want,98.0,na,96.0,got,94.0,back,88.0,love,80.0,heart,78.0,long,77.0
4TG1lzMD9HFvZ9E1Bk6Gnu,Workout Hard Rock,away,149,never,135,feel,118,got,108.0,na,107.0,oh,103.0,let,94.0,like,94.0,inside,84.0,know,83.0
71UHE27ayQs8ZDxQwY0cY1,[EAS]: Festival Big Room,head,15,voices,11,hear,3,turn,3.0,bass,3.0,seeking,2.0,whispering,2.0,room,2.0,night,2.0,hunting,2.0
4gbXqmZDUFHqlaYjf4uVyS,a taste of the mainstream,yeah,220,know,202,na,184,like,174.0,got,172.0,go,148.0,get,145.0,love,139.0,oh,137.0,wan,112.0
2oalsaFUockoPf1DU3wrL8,big boom room ‚Äî TOMORROWLAND EDC EDM BIG ROOM AMF ADE DANCE TRANCE HARDWELL TIESTO,little,77,let,70,beautiful,59,every,54.0,life,53.0,day,53.0,coming,51.0,cause,44.0,need,43.0,light,41.0
1E5VdGGWkpDQ682gdvJAZH,indie poptimism,love,235,time,233,know,222,like,200.0,oh,175.0,na,132.0,get,131.0,got,126.0,find,123.0,eyes,101.0
6MQeEHHDs6HQkN5Dlj3oKo,indie poptimismüï∫üèª,yeah,335,ooh,240,ca,236,macarena,210.0,know,193.0,one,185.0,get,158.0,ayy,157.0,na,150.0,oh,150.0
4PjiT7SWnUsTTTvKOuR76f,keg party jukebox,give,207,got,151,oh,147,like,136.0,love,129.0,get,102.0,away,100.0,want,99.0,never,95.0,one,90.0
3nH8aytdqNeRbcRCg3dw9q,latin hip hop,te,35,calypso,32,ah,31,feelin,30.0,made,30.0,ooh,26.0,get,26.0,ayy,26.0,right,25.0,que,24.0
7rPsfDTqiZYIT4PVzQ4c0c,permanent wave,oh,216,love,143,know,121,go,114.0,time,110.0,away,109.0,like,106.0,yeah,106.0,na,105.0,let,95.0
6rjxP7GQKoqqgoakzxl3PY,post teen pop,na,1151,oh,996,yeah,775,got,639.0,like,639.0,love,575.0,know,561.0,baby,475.0,want,437.0,gon,384.0
1y42gwI5cuwjBslPyQNfqb,"post-teen alternative, indie, pop (large variety)",love,302,know,302,na,291,tonight,239.0,wan,196.0,like,195.0,want,182.0,yeah,182.0,oh,178.0,high,170.0
4TvZA7Pml7mHLgbwNomlnm,post-teen pop,like,122,baby,59,oh,55,cha,52.0,get,51.0,know,49.0,let,46.0,na,46.0,see,42.0,yeah,42.0
49qyKvg6UAQAvIMUIGMnP3,random playlist that can't decide its genre so go ahead jam along with these catchy tunes,na,279,oh,201,know,181,gon,161.0,take,127.0,love,126.0,say,125.0,like,121.0,go,112.0,away,106.0
1nFfDHtp8RY3obgen8KODl,urban CONTEMPORARY,love,248,know,195,let,147,oh,138.0,like,133.0,na,124.0,say,121.0,yeah,111.0,got,110.0,need,108.0
4WiB26kw0INKwbzfb5M6Tv,urban contemporary,love,288,know,286,got,219,let,209.0,baby,190.0,like,170.0,oh,163.0,never,149.0,na,145.0,ca,121.0
37i9dQZF1DX68H8ZujdnN7,‚Äô80s Hard Rock,love,114,know,99,night,94,got,71.0,yeah,68.0,oh,68.0,na,65.0,take,59.0,ca,57.0,get,53.0
2bOjjgN1S3Gqd8vSMyafvJ,‚ë°‚ì™‚ë†‚ë® mixed,love,85,let,82,time,54,na,54.0,know,49.0,say,44.0,come,44.0,oh,43.0,away,43.0,feel,37.0
0Hr2h94pKN8QAGVAgD6BsD,‚ó§ Hip Hop Dance Music ‚Äì Urban ‚Äì Trap ‚Äì Breaking Locking Popping Bopping ‚Äì WOD ‚Äì World of Dance,got,424,yeah,383,like,340,get,298.0,bitch,282.0,nigga,238.0,know,229.0,ai,180.0,niggas,156.0,want,147.0
6jI1gFr6ANFtT8MmTvA2Ux,‚ô• EDM LOVE 2020,oh,105,like,103,know,88,get,73.0,night,64.0,got,63.0,tonight,60.0,love,54.0,never,54.0,falling,52.0
0AFYmoSuoMQiGGjzvBwr6u,üíäELECTRO-HOUSE-TECHüíä,low,274,boom,167,losing,133,disco,67.0,let,66.0,control,65.0,make,61.0,mash,48.0,place,48.0,like,47.0
4GSiiL8tcMgvoV7K1IADb8,üîäBASSBOOSTEDüîä‚ö°ELECTRO HOUSE‚ö°üî•EDM CAR MUSIC2018/2019üî•,yuh,98,got,88,di,84,know,76.0,oh,68.0,yeah,67.0,uh,63.0,go,59.0,said,54.0,things,52.0
3jPkaExIWXQWklcmmF5180,"üî•üíµ Hip Hop, Rap, Heavy 808's - New School",yeah,609,like,568,got,555,bitch,387.0,get,360.0,know,336.0,nigga,319.0,niggas,312.0,shit,288.0,fuck,275.0
1d0fonZHpN4LYHTKbmNRbm,üî•ü¶Å GOOD VIBES ONLY ü¶Åüî• // BROEDERLIEFDE || FRENNA || BROEDERS || HENKIE T  || BIZZEY || POKE \\,ik,58,yeah,57,fallin,47,ey,44.0,ghetto,42.0,move,35.0,wine,35.0,je,31.0,shawty,26.0,youth,25.0
6IT8LGpwLw3Pt2XnVUBN7j,ü§©ü§™Post Teen Popü§™ü§©,oh,281,like,264,na,253,baby,233.0,yeah,203.0,love,155.0,know,127.0,want,124.0,got,106.0,get,99.0
